Rank,playerId,abbrevName,playerFullName,player,playerFirstName,pos,currentTeamName,currentTeamAbbrevName,currentTeamId,currentTeamLocation,currentTeamLevel,currentOrg,newestTeamName,newestTeamAbbrevName,newestTeamId,newestTeamLocation,newestTeamLevel,newestOrg,seasonYear,gameId,date,teamWithLevel,teamId,teamLevel,home,win,final,location,team,abbrevName,opponentId,opponentToken,opponent,result,org,oppOrg,SeasonAgeAvg,SeasonLevel,CurrentAge,G,GS,IP,P,BF,Fast%,Vel4S,90thVel,IndVertBrk90,Extension,K%,BB%,Strike%,InZone%,NonCompLoc%,T3PO,FPStk%,Kill%,2KC,CSW%,Miss%,In Zone Miss,Chase%,Contact%,Barrel%,xWOBA,wOBA,xPitchRV,xPitchRV/P,scatterName,scatterExtra,gameDay
1,694358,T. Roby,Tekoah Roby,Roby,Tekoah,P,St. Louis Cardinals,STL,138,St. Louis,mlb,STL,Memphis Redbirds,MEM,235,Memphis,AAA,STL,2025,780969,2025-07-10 20:05:00,MEM - AAA,235,AAA,true,true,true,Memphis,MEM,MEM,494,CLT,CLT,W 8-1,STL,CWS,23.8,AAA,24,1,1,5.2,87,22,33.3%,94.6,95.2,16.7,6.45,27.3%,4.5%,69.0%,48.3%,16.1%,59.1%,71.4%,28.57%,71.43%,29.9%,26.1%,10.7%,40.0%,73.9%,13.3%,.294,.272,0.42,.005,Knights,MEM vs. CLT (2025-07-10)<br>W 8-1,7/10/25
2,694358,T. Roby,Tekoah Roby,Roby,Tekoah,P,St. Louis Cardinals,STL,138,St. Louis,mlb,STL,Memphis Redbirds,MEM,235,Memphis,AAA,STL,2025,780981,2025-07-04 20:04:00,MEM - AAA,235,AAA,true,false,true,Memphis,MEM,MEM,556,NAS,NAS,L 1-6,STL,MIL,23.8,AAA,24,1,1,4.1,88,20,35.2%,96.0,96.6,17.8,6.50,30.0%,5.0%,64.8%,46.6%,22.7%,55.0%,60.0%,29.41%,40.00%,30.7%,26.8%,20.0%,34.0%,73.2%,25.0%,.266,.327,0.55,.006,Sounds,MEM vs. NAS (2025-07-04)<br>L 1-6,7/4/25
3,694358,T. Roby,Tekoah Roby,Roby,Tekoah,P,St. Louis Cardinals,STL,138,St. Louis,mlb,STL,Memphis Redbirds,MEM,235,Memphis,AAA,STL,2025,781493,2025-06-28 18:35:00,MEM - AAA,235,AAA,false,true,true,Memphis,MEM,MEM,234,DUR,DUR,W 11-3,STL,TB,23.8,AAA,24,1,1,5.0,73,20,23.3%,95.7,95.9,16.1,6.59,20.0%,10.0%,64.4%,45.2%,17.8%,70.0%,65.0%,0.00%,50.00%,27.4%,28.9%,13.0%,37.5%,71.1%,14.3%,.308,.301,0.63,.009,Bulls,MEM vs. DUR (2025-06-28)<br>W 11-3,6/28/25
4,694358,T. Roby,Tekoah Roby,Roby,Tekoah,P,St. Louis Cardinals,STL,138,St. Louis,mlb,STL,Memphis Redbirds,MEM,235,Memphis,AAA,STL,2025,780974,2025-06-22 14:05:00,MEM - AAA,235,AAA,true,true,true,Memphis,MEM,MEM,568,NOR,NOR,W 9-0,STL,BAL,23.8,AAA,24,1,1,6.0,69,22,37.7%,95.5,96.1,16.8,6.51,22.7%,4.5%,68.1%,46.4%,26.1%,86.4%,72.7%,40.00%,50.00%,29.0%,34.1%,16.7%,45.9%,65.9%,12.5%,.192,.185,2.74,.040,Tides,MEM vs. NOR (2025-06-22)<br>W 9-0,6/22/25
5,694358,T. Roby,Tekoah Roby,Roby,Tekoah,P,St. Louis Cardinals,STL,138,St. Louis,mlb,STL,Memphis Redbirds,MEM,235,Memphis,AAA,STL,2025,780979,2025-06-17 20:05:00,MEM - AAA,235,AAA,true,false,true,Memphis,MEM,MEM,568,NOR,NOR,L 5-7,STL,BAL,23.8,AAA,24,1,1,5.2,86,24,31.4%,95.5,95.8,16.9,6.53,16.7%,8.3%,67.4%,40.7%,19.8%,66.7%,58.3%,6.67%,44.44%,26.7%,27.1%,11.5%,43.1%,72.9%,22.2%,.425,.403,-1.38,-.016,Tides,MEM vs. NOR (2025-06-17)<br>L 5-7,6/17/25
6,694358,T. Roby,Tekoah Roby,Roby,Tekoah,P,St. Louis Cardinals,STL,138,St. Louis,mlb,STL,Memphis Redbirds,MEM,235,Memphis,AAA,STL,2025,781429,2025-06-11 12:05:00,MEM - AAA,235,AAA,false,false,true,Memphis,MEM,MEM,431,GWN,GWN,L 6-11,STL,ATL,23.8,AAA,24,1,1,4.2,85,25,37.6%,94.6,95.2,16.6,6.42,20.0%,4.0%,63.5%,45.9%,17.6%,40.0%,48.0%,25.00%,57.14%,28.2%,23.1%,3.8%,28.3%,76.9%,21.1%,.395,.485,-2.04,-.024,Stripers,MEM vs. GWN (2025-06-11)<br>L 6-11,6/11/25
7,694358,T. Roby,Tekoah Roby,Roby,Tekoah,P,St. Louis Cardinals,STL,138,St. Louis,mlb,STL,Springfield Cardinals,SPR,440,Springfield,AAX,STL,2025,782215,2025-06-04 20:05:00,SPR - AAX,440,AAX,false,true,true,Springfield,SPR,SPR,540,FRI,FRI,W 3-1,STL,TEX,23.8,AA,24,1,1,6.2,85,25,42.9%,95.6,96.6,17.6,6.23,32.0%,4.0%,74.1%,56.0%,10.7%,72.0%,76.0%,15.38%,54.55%,34.1%,30.6%,20.0%,35.1%,69.4%,33.3%,.283,.230,0.71,.008,RoughRiders,SPR vs. FRI (2025-06-04)<br>W 3-1,6/4/25
8,694358,T. Roby,Tekoah Roby,Roby,Tekoah,P,St. Louis Cardinals,STL,138,St. Louis,mlb,STL,Springfield Cardinals,SPR,440,Springfield,AAX,STL,2025,781944,2025-05-29 20:05:00,SPR - AAX,440,AAX,true,true,true,Springfield,SPR,SPR,1350,NWA,NWA,W 6-0,STL,KC,23.8,AA,24,1,1,5.1,79,21,48.1%,96.2,97.0,18.8,5.88,38.1%,4.8%,67.1%,49.4%,13.9%,61.9%,71.4%,38.46%,70.00%,36.7%,38.5%,25.0%,27.5%,61.5%,33.3%,.299,.201,-0.06,-.001,Naturals,SPR vs. NWA (2025-05-29)<br>W 6-0,5/29/25
9,694358,T. Roby,Tekoah Roby,Roby,Tekoah,P,St. Louis Cardinals,STL,138,St. Louis,mlb,STL,Springfield Cardinals,SPR,440,Springfield,AAX,STL,2025,781874,2025-05-22 20:00:00,SPR - AAX,440,AAX,false,true,true,Springfield,SPR,SPR,260,TUL,TUL,W 9-3,STL,LAD,23.8,AA,24,1,1,6.0,76,21,35.5%,96.0,96.7,17.2,6.37,28.6%,0.0%,71.1%,50.0%,10.5%,76.2%,81.0%,44.44%,45.45%,36.8%,35.0%,17.4%,44.7%,65.0%,13.3%,.205,.241,1.91,.025,Drillers,SPR vs. TUL (2025-05-22)<br>W 9-3,5/22/25
10,694358,T. Roby,Tekoah Roby,Roby,Tekoah,P,St. Louis Cardinals,STL,138,St. Louis,mlb,STL,Springfield Cardinals,SPR,440,Springfield,AAX,STL,2025,781951,2025-05-16 19:35:00,SPR - AAX,440,AAX,true,false,true,Springfield,SPR,SPR,5368,AMA,AMA,L 2-3,STL,AZ,23.8,AA,24,1,1,5.2,67,20,43.3%,95.8,96.5,17.5,5.82,55.0%,0.0%,71.6%,50.7%,9.0%,55.0%,55.0%,57.14%,90.91%,43.3%,53.7%,48.1%,42.4%,46.3%,12.5%,.159,.176,1.96,.029,Sod Poodles,SPR vs. AMA (2025-05-16)<br>L 2-3,5/16/25
11,694358,T. Roby,Tekoah Roby,Roby,Tekoah,P,St. Louis Cardinals,STL,138,St. Louis,mlb,STL,Springfield Cardinals,SPR,440,Springfield,AAX,STL,2025,782365,2025-05-10 17:05:00,SPR - AAX,440,AAX,false,false,true,Springfield,SPR,SPR,574,ARK,ARK,L 3-6,STL,SEA,23.8,AA,24,1,1,3.0,65,17,56.9%,93.6,94.4,19.2,6.56,29.4%,5.9%,66.2%,66.2%,13.8%,47.1%,76.5%,30.77%,71.43%,26.2%,13.3%,12.0%,22.7%,86.7%,10.0%,.299,.410,0.03,.000,Travelers,SPR vs. ARK (2025-05-10)<br>L 3-6,5/10/25
12,694358,T. Roby,Tekoah Roby,Roby,Tekoah,P,St. Louis Cardinals,STL,138,St. Louis,mlb,STL,Springfield Cardinals,SPR,440,Springfield,AAX,STL,2025,781956,2025-05-03 19:05:00,SPR - AAX,440,AAX,true,false,true,Springfield,SPR,SPR,1350,NWA,NWA,L 4-5,STL,KC,23.8,AA,24,1,1,3.1,67,15,47.8%,93.8,94.4,17.4,6.09,20.0%,13.3%,55.2%,50.7%,13.4%,60.0%,46.7%,8.33%,50.00%,26.9%,20.8%,10.5%,15.2%,79.2%,30.0%,.282,.346,0.36,.005,Naturals,SPR vs. NWA (2025-05-03)<br>L 4-5,5/3/25
13,694358,T. Roby,Tekoah Roby,Roby,Tekoah,P,St. Louis Cardinals,STL,138,St. Louis,mlb,STL,Springfield Cardinals,SPR,440,Springfield,AAX,STL,2025,781822,2025-04-24 19:35:00,SPR - AAX,440,AAX,false,true,true,Springfield,SPR,SPR,3898,WCH,WCH,W 5-2,STL,MIN,23.8,AA,24,1,1,5.0,67,18,52.2%,95.1,95.7,17.5,6.33,11.1%,16.7%,53.7%,50.7%,10.4%,44.4%,42.1%,14.29%,25.00%,20.9%,21.4%,14.3%,21.2%,78.6%,38.5%,.282,.213,1.27,.019,Wind Surge,SPR vs. WCH (2025-04-24)<br>W 5-2,4/24/25
14,694358,T. Roby,Tekoah Roby,Roby,Tekoah,P,St. Louis Cardinals,STL,138,St. Louis,mlb,STL,Springfield Cardinals,SPR,440,Springfield,AAX,STL,2025,781963,2025-04-17 19:35:00,SPR - AAX,440,AAX,true,false,true,Springfield,SPR,SPR,574,ARK,ARK,L 2-5,STL,SEA,23.8,AA,24,1,1,4.0,68,17,36.8%,94.7,95.3,17.2,6.02,23.5%,11.8%,60.3%,45.6%,19.1%,52.9%,52.9%,33.33%,50.00%,29.4%,30.0%,19.0%,24.3%,70.0%,27.3%,.467,.349,-2.00,-.029,Travelers,SPR vs. ARK (2025-04-17)<br>L 2-5,4/17/25
15,694358,T. Roby,Tekoah Roby,Roby,Tekoah,P,St. Louis Cardinals,STL,138,St. Louis,mlb,STL,Springfield Cardinals,SPR,440,Springfield,AAX,STL,2025,782447,2025-04-11 20:05:00,SPR - AAX,440,AAX,false,true,true,Springfield,SPR,SPR,5368,AMA,AMA,W 3-2,STL,AZ,23.8,AA,24,1,1,4.0,55,15,54.5%,96.7,97.5,15.6,6.24,33.3%,0.0%,69.1%,57.4%,1.9%,66.7%,53.3%,50.00%,50.00%,32.7%,37.5%,26.1%,39.1%,62.5%,20.0%,.179,.176,1.77,.032,Sod Poodles,SPR vs. AMA (2025-04-11)<br>W 3-2,4/11/25
16,694358,T. Roby,Tekoah Roby,Roby,Tekoah,P,St. Louis Cardinals,STL,138,St. Louis,mlb,STL,Springfield Cardinals,SPR,440,Springfield,AAX,STL,2025,781967,2025-04-05 19:05:00,SPR - AAX,440,AAX,true,true,true,Springfield,SPR,SPR,3898,WCH,WCH,W 6-2,STL,MIN,23.8,AA,24,1,1,4.0,43,14,39.5%,95.4,96.5,18.9,6.11,35.7%,7.1%,69.8%,62.8%,9.3%,78.6%,64.3%,40.00%,83.33%,39.5%,35.0%,20.0%,31.3%,65.0%,25.0%,.218,.175,1.10,.026,Wind Surge,SPR vs. WCH (2025-04-05)<br>W 6-2,4/5/25
17,694358,T. Roby,Tekoah Roby,Roby,Tekoah,P,St. Louis Cardinals,STL,138,St. Louis,mlb,STL,Palm Beach Cardinals,PMB,279,Palm Beach,AFX,STL,2024,760229,2024-09-08 12:00:00,PMB - AFX,279,AFX,false,true,true,Palm Beach,PMB,PMB,479,JUP,JUP,W 23-8,STL,MIA,22.8,A,24,1,1,2.2,42,11,61.9%,93.8,94.4,17.7,6.48,27.3%,18.2%,52.4%,45.2%,14.3%,54.5%,27.3%,25.00%,100.00%,26.2%,35.3%,30.8%,17.4%,64.7%,0.0%,.242,.205,0.76,.018,Hammerheads,PMB vs. JUP (2024-09-08)<br>W 23-8,9/8/24
18,694358,T. Roby,Tekoah Roby,Roby,Tekoah,P,St. Louis Cardinals,STL,138,St. Louis,mlb,STL,Palm Beach Cardinals,PMB,279,Palm Beach,AFX,STL,2024,760234,2024-09-03 18:30:00,PMB - AFX,279,AFX,false,false,true,Palm Beach,PMB,PMB,479,JUP,JUP,L 2-5,STL,MIA,22.8,A,24,1,1,1.1,31,8,38.7%,92.9,93.6,16.2,6.43,25.0%,12.5%,58.1%,45.2%,25.8%,62.5%,62.5%,0.00%,50.00%,29.0%,40.0%,20.0%,29.4%,60.0%,0.0%,.198,.463,1.38,.045,Hammerheads,PMB vs. JUP (2024-09-03)<br>L 2-5,9/3/24
19,694358,T. Roby,Tekoah Roby,Roby,Tekoah,P,St. Louis Cardinals,STL,138,St. Louis,mlb,STL,Palm Beach Cardinals,PMB,279,Palm Beach,AFX,STL,2024,760100,2024-08-28 12:05:00 (1),PMB - AFX,279,AFX,true,true,true,Palm Beach,PMB,PMB,450,DBT,DBT,W 4-3 (7),STL,CIN,22.8,A,24,1,1,1.0,13,3,69.2%,94.8,95.6,19.8,6.50,33.3%,0.0%,61.5%,61.5%,15.4%,33.3%,66.7%,100.00%,0.00%,23.1%,16.7%,16.7%,0.0%,83.3%,0.0%,.331,.000,-0.05,-.004,Tortugas,PMB vs. DBT (2024-08-28)<br>W 4-3,8/28/24
20,694358,T. Roby,Tekoah Roby,Roby,Tekoah,P,St. Louis Cardinals,STL,138,St. Louis,mlb,STL,Springfield Cardinals,SPR,440,Springfield,AAX,STL,2024,749491,2024-05-14 12:15:00,SPR - AAX,440,AAX,true,false,true,Springfield,SPR,SPR,237,MID,MID,L 4-6,STL,ATH,22.8,AA,24,1,1,4.2,91,25,47.3%,96.0,96.8,17.8,5.97,12.0%,12.0%,60.4%,47.3%,17.6%,48.0%,48.0%,15.38%,37.50%,22.0%,25.5%,15.6%,31.3%,74.5%,10.5%,.450,.441,-1.72,-.019,RockHounds,SPR vs. MID (2024-05-14)<br>L 4-6,5/14/24
21,694358,T. Roby,Tekoah Roby,Roby,Tekoah,P,St. Louis Cardinals,STL,138,St. Louis,mlb,STL,Springfield Cardinals,SPR,440,Springfield,AAX,STL,2024,749621,2024-05-09 13:05:00 (1),SPR - AAX,440,AAX,false,true,true,Springfield,SPR,SPR,1350,NWA,NWA,W 6-3 (7),STL,KC,22.8,AA,24,1,1,5.1,87,24,48.3%,96.7,97.4,18.3,6.70,16.7%,12.5%,64.4%,50.6%,16.1%,66.7%,54.2%,12.50%,37.50%,29.9%,30.2%,31.3%,25.6%,69.8%,18.8%,.319,.413,0.85,.010,Naturals,SPR vs. NWA (2024-05-09)<br>W 6-3,5/9/24
22,694358,T. Roby,Tekoah Roby,Roby,Tekoah,P,St. Louis Cardinals,STL,138,St. Louis,mlb,STL,Springfield Cardinals,SPR,440,Springfield,AAX,STL,2024,749422,2024-05-01 12:00:00,SPR - AAX,440,AAX,false,false,true,Springfield,SPR,SPR,260,TUL,TUL,L 0-11,STL,LAD,22.8,AA,24,1,1,4.1,83,24,51.8%,96.5,97.3,16.7,6.36,12.5%,8.3%,61.4%,47.0%,18.1%,41.7%,45.8%,20.00%,28.57%,21.7%,28.3%,26.5%,27.3%,71.7%,23.5%,.327,.437,0.18,.002,Drillers,SPR vs. TUL (2024-05-01)<br>L 0-11,5/1/24
23,694358,T. Roby,Tekoah Roby,Roby,Tekoah,P,St. Louis Cardinals,STL,138,St. Louis,mlb,STL,Springfield Cardinals,SPR,440,Springfield,AAX,STL,2024,749495,2024-04-25 19:37:00,SPR - AAX,440,AAX,true,false,true,Springfield,SPR,SPR,574,ARK,ARK,L 5-8,STL,SEA,22.8,AA,24,1,1,4.0,56,16,53.6%,96.1,96.7,18.9,6.17,50.0%,0.0%,71.4%,53.6%,10.7%,43.8%,62.5%,71.43%,100.00%,33.9%,32.3%,14.3%,38.5%,67.7%,37.5%,.256,.267,0.09,.002,Travelers,SPR vs. ARK (2024-04-25)<br>L 5-8,4/25/24
24,694358,T. Roby,Tekoah Roby,Roby,Tekoah,P,St. Louis Cardinals,STL,138,St. Louis,mlb,STL,Springfield Cardinals,SPR,440,Springfield,AAX,STL,2024,749981,2024-04-19 20:05:00,SPR - AAX,440,AAX,false,true,true,Springfield,SPR,SPR,5368,AMA,AMA,W 9-4 (12),STL,AZ,22.8,AA,24,1,1,5.0,86,22,45.3%,96.5,97.3,15.9,6.36,36.4%,4.5%,67.4%,52.3%,9.3%,63.6%,50.0%,33.33%,60.00%,31.4%,35.4%,21.2%,36.6%,64.6%,33.3%,.343,.448,-0.26,-.003,Sod Poodles,SPR vs. AMA (2024-04-19)<br>W 9-4,4/19/24
25,694358,T. Roby,Tekoah Roby,Roby,Tekoah,P,St. Louis Cardinals,STL,138,St. Louis,mlb,STL,Springfield Cardinals,SPR,440,Springfield,AAX,STL,2024,749500,2024-04-13 19:05:00,SPR - AAX,440,AAX,true,true,true,Springfield,SPR,SPR,3898,WCH,WCH,W 5-3,STL,MIN,22.8,AA,24,1,1,5.0,79,22,48.1%,96.4,97.3,18.6,5.96,18.2%,9.1%,57.0%,50.6%,19.0%,50.0%,40.9%,33.33%,50.00%,30.4%,22.2%,14.3%,15.4%,77.8%,15.4%,.403,.443,-1.76,-.022,Wind Surge,SPR vs. WCH (2024-04-13)<br>W 5-3,4/13/24
26,694358,T. Roby,Tekoah Roby,Roby,Tekoah,P,St. Louis Cardinals,STL,138,St. Louis,mlb,STL,Springfield Cardinals,SPR,440,Springfield,AAX,STL,2024,749917,2024-04-06 19:05:00,SPR - AAX,440,AAX,false,true,true,Springfield,SPR,SPR,574,ARK,ARK,W 6-5,STL,SEA,22.8,AA,24,1,1,5.0,72,21,45.8%,95.7,96.8,17.7,6.59,14.3%,4.8%,77.8%,55.6%,4.2%,76.2%,81.0%,13.33%,30.00%,31.9%,25.0%,16.7%,43.8%,75.0%,18.8%,.337,.333,0.90,.013,Travelers,SPR vs. ARK (2024-04-06)<br>W 6-5,4/6/24
27,694358,T. Roby,Tekoah Roby,Roby,Tekoah,P,St. Louis Cardinals,STL,138,St. Louis,mlb,STL,Springfield Cardinals,SPR,440,Springfield,AAX,STL,2023,728876,2023-09-13 20:05:00,SPR - AAX,440,AAX,false,true,true,Springfield,SPR,SPR,510,SA,SA,W 7-5,STL,SD,21.8,AA,24,1,1,3.0,42,11,57.1%,95.6,96.6,18.5,6.55,45.5%,0.0%,69.0%,42.9%,14.3%,54.5%,45.5%,50.00%,80.00%,35.7%,39.1%,21.4%,37.5%,60.9%,16.7%,.175,.274,0.85,.020,Missions,SPR vs. SA (2023-09-13)<br>W 7-5,9/13/23
28,694358,T. Roby,Tekoah Roby,Roby,Tekoah,P,St. Louis Cardinals,STL,138,St. Louis,mlb,STL,Springfield Cardinals,SPR,440,Springfield,AAX,STL,2023,728806,2023-09-07 19:35:00,SPR - AAX,440,AAX,true,true,true,Springfield,SPR,SPR,260,TUL,TUL,W 5-4 (10),STL,LAD,21.8,AA,24,1,1,3.0,51,12,59.2%,95.9,96.5,20.2,5.85,16.7%,16.7%,66.7%,57.1%,10.2%,66.7%,58.3%,10.00%,40.00%,31.4%,28.0%,23.8%,14.3%,72.0%,14.3%,.219,.220,1.72,.034,Drillers,SPR vs. TUL (2023-09-07)<br>W 5-4,9/7/23
29,694358,T. Roby,Tekoah Roby,Roby,Tekoah,P,St. Louis Cardinals,STL,138,St. Louis,mlb,STL,Springfield Cardinals,SPR,440,Springfield,AAX,STL,2023,728952,2023-09-01 20:05:00,SPR - AAX,440,AAX,false,false,true,Springfield,SPR,SPR,1350,NWA,NWA,L 3-6,STL,KC,21.8,AA,24,1,1,3.0,37,10,40.5%,95.5,96.2,18.9,6.36,60.0%,0.0%,75.7%,54.1%,16.2%,80.0%,60.0%,33.33%,71.43%,48.6%,47.4%,41.7%,41.2%,52.6%,25.0%,.316,.200,-0.32,-.009,Naturals,SPR vs. NWA (2023-09-01)<br>L 3-6,9/1/23
30,694358,T. Roby,Tekoah Roby,Roby,Tekoah,P,St. Louis Cardinals,STL,138,St. Louis,mlb,STL,Springfield Cardinals,SPR,440,Springfield,AAX,STL,2023,728814,2023-08-26 19:35:00,SPR - AAX,440,AAX,true,false,true,Springfield,SPR,SPR,482,CC,CC,L 3-5 (10),STL,HOU,21.8,AA,24,1,1,3.0,47,11,58.7%,96.2,97.1,18.8,5.90,54.5%,9.1%,63.8%,50.0%,15.2%,72.7%,66.7%,28.57%,75.00%,36.2%,43.5%,28.6%,39.1%,56.5%,25.0%,.165,.176,1.28,.027,Hooks,SPR vs. CC (2023-08-26)<br>L 3-5,8/26/23
31,694358,T. Roby,Tekoah Roby,Roby,Tekoah,P,St. Louis Cardinals,STL,138,St. Louis,mlb,STL,Frisco RoughRiders,FRI,540,Frisco,AAX,TEX,2023,729118,2023-06-03 20:05:00,FRI - AAX,540,AAX,true,false,true,Frisco,FRI,FRI,510,SA,SA,L 4-6,TEX,SD,21.8,AA,24,1,1,1.0,29,8,62.1%,94.2,95.7,20.5,6.06,0.0%,12.5%,69.0%,72.4%,6.9%,62.5%,62.5%,0.00%,0.00%,24.1%,13.3%,14.3%,12.5%,86.7%,28.6%,.509,.463,-0.50,-.017,Missions,FRI vs. SA (2023-06-03)<br>L 4-6,6/3/23
32,694358,T. Roby,Tekoah Roby,Roby,Tekoah,P,St. Louis Cardinals,STL,138,St. Louis,mlb,STL,Frisco RoughRiders,FRI,540,Frisco,AAX,TEX,2023,729266,2023-05-27 20:05:00,FRI - AAX,540,AAX,false,true,true,Frisco,FRI,FRI,574,ARK,ARK,W 7-2,TEX,SEA,21.8,AA,24,1,1,6.0,85,23,62.7%,94.8,95.8,20.2,6.31,34.8%,4.3%,67.1%,60.2%,12.0%,60.9%,56.5%,23.08%,60.00%,32.9%,32.6%,29.4%,24.2%,67.4%,0.0%,.189,.222,2.17,.026,Travelers,FRI vs. ARK (2023-05-27)<br>W 7-2,5/27/23
33,694358,T. Roby,Tekoah Roby,Roby,Tekoah,P,St. Louis Cardinals,STL,138,St. Louis,mlb,STL,Frisco RoughRiders,FRI,540,Frisco,AAX,TEX,2023,729123,2023-05-21 17:05:00,FRI - AAX,540,AAX,true,false,true,Frisco,FRI,FRI,5368,AMA,AMA,L 1-3,TEX,AZ,21.8,AA,24,1,1,4.0,55,13,53.7%,94.6,95.3,19.4,6.01,23.1%,7.7%,58.2%,38.9%,22.2%,69.2%,46.2%,16.67%,75.00%,25.5%,33.3%,12.5%,30.3%,66.7%,12.5%,.280,.109,0.41,.007,Sod Poodles,FRI vs. AMA (2023-05-21)<br>L 1-3,5/21/23
34,694358,T. Roby,Tekoah Roby,Roby,Tekoah,P,St. Louis Cardinals,STL,138,St. Louis,mlb,STL,Frisco RoughRiders,FRI,540,Frisco,AAX,TEX,2023,729133,2023-05-16 12:05:00,FRI - AAX,540,AAX,true,true,true,Frisco,FRI,FRI,5368,AMA,AMA,W 3-2,TEX,AZ,21.8,AA,24,1,1,6.1,82,23,50.0%,94.2,95.0,18.6,6.04,34.8%,4.3%,65.9%,51.2%,15.9%,73.9%,73.9%,38.46%,63.64%,35.4%,30.6%,24.0%,27.5%,69.4%,25.0%,.221,.217,1.23,.015,Sod Poodles,FRI vs. AMA (2023-05-16)<br>W 3-2,5/16/23
35,694358,T. Roby,Tekoah Roby,Roby,Tekoah,P,St. Louis Cardinals,STL,138,St. Louis,mlb,STL,Frisco RoughRiders,FRI,540,Frisco,AAX,TEX,2023,729135,2023-05-09 19:05:00,FRI - AAX,540,AAX,true,false,true,Frisco,FRI,FRI,3898,WCH,WCH,L 4-5 (10),TEX,MIN,21.8,AA,24,1,1,6.0,79,24,53.2%,94.6,95.2,17.7,6.09,20.8%,4.2%,62.0%,46.8%,12.7%,58.3%,54.2%,37.50%,42.86%,30.4%,24.2%,22.7%,26.2%,75.8%,27.8%,.255,.327,0.37,.005,Wind Surge,FRI vs. WCH (2023-05-09)<br>L 4-5,5/9/23
36,694358,T. Roby,Tekoah Roby,Roby,Tekoah,P,St. Louis Cardinals,STL,138,St. Louis,mlb,STL,Frisco RoughRiders,FRI,540,Frisco,AAX,TEX,2023,729067,2023-05-03 19:30:00,FRI - AAX,540,AAX,false,false,true,Frisco,FRI,FRI,237,MID,MID,L 0-7,TEX,ATH,21.8,AA,24,1,1,4.1,84,21,61.9%,94.8,95.6,16.6,6.42,4.8%,4.8%,58.3%,57.1%,14.3%,61.9%,42.9%,0.00%,0.00%,13.1%,5.0%,2.8%,11.1%,95.0%,11.8%,.448,.421,-2.46,-.029,RockHounds,FRI vs. MID (2023-05-03)<br>L 0-7,5/3/23
37,694358,T. Roby,Tekoah Roby,Roby,Tekoah,P,St. Louis Cardinals,STL,138,St. Louis,mlb,STL,Frisco RoughRiders,FRI,540,Frisco,AAX,TEX,2023,729343,2023-04-27 20:05:00,FRI - AAX,540,AAX,false,true,true,Frisco,FRI,FRI,5368,AMA,AMA,W 5-1,TEX,AZ,21.8,AA,24,1,1,5.0,77,20,56.8%,94.0,94.8,16.1,6.11,40.0%,5.0%,70.1%,62.2%,16.2%,60.0%,73.7%,36.36%,63.64%,35.1%,37.2%,25.0%,35.7%,62.8%,30.0%,.206,.267,2.17,.028,Sod Poodles,FRI vs. AMA (2023-04-27)<br>W 5-1,4/27/23
38,694358,T. Roby,Tekoah Roby,Roby,Tekoah,P,St. Louis Cardinals,STL,138,St. Louis,mlb,STL,Frisco RoughRiders,FRI,540,Frisco,AAX,TEX,2023,729142,2023-04-21 20:35:00,FRI - AAX,540,AAX,true,false,true,Frisco,FRI,FRI,574,ARK,ARK,L 1-7 (7),TEX,SEA,21.8,AA,24,1,1,4.0,79,19,49.4%,95.0,95.8,18.4,6.20,26.3%,10.5%,64.6%,45.6%,15.2%,57.9%,73.7%,17.65%,62.50%,26.6%,25.0%,21.7%,39.5%,75.0%,9.1%,.284,.456,0.56,.007,Travelers,FRI vs. ARK (2023-04-21)<br>L 1-7,4/21/23
39,694358,T. Roby,Tekoah Roby,Roby,Tekoah,P,St. Louis Cardinals,STL,138,St. Louis,mlb,STL,Frisco RoughRiders,FRI,540,Frisco,AAX,TEX,2023,728939,2023-04-15 20:05:00,FRI - AAX,540,AAX,false,false,true,Frisco,FRI,FRI,510,SA,SA,L 1-4,TEX,SD,21.8,AA,24,1,1,6.0,78,26,46.2%,94.7,95.5,17.7,6.67,26.9%,0.0%,71.8%,47.4%,10.3%,65.4%,65.4%,42.86%,66.67%,34.6%,35.6%,17.9%,41.5%,64.4%,26.3%,.279,.367,0.56,.007,Missions,FRI vs. SA (2023-04-15)<br>L 1-4,4/15/23
40,694358,T. Roby,Tekoah Roby,Roby,Tekoah,P,St. Louis Cardinals,STL,138,St. Louis,mlb,STL,Frisco RoughRiders,FRI,540,Frisco,AAX,TEX,2023,729143,2023-04-08 20:05:00,FRI - AAX,540,AAX,true,false,true,Frisco,FRI,FRI,5368,AMA,AMA,L 3-5,TEX,AZ,21.8,AA,24,1,1,3.2,77,18,55.3%,94.1,95.0,19.4,6.21,27.8%,16.7%,58.4%,43.4%,15.8%,61.1%,44.4%,11.11%,37.50%,27.3%,29.4%,22.7%,27.9%,70.6%,40.0%,.488,.535,-2.15,-.028,Sod Poodles,FRI vs. AMA (2023-04-08)<br>L 3-5,4/8/23
41,694358,T. Roby,Tekoah Roby,Roby,Tekoah,P,St. Louis Cardinals,STL,138,St. Louis,mlb,STL,Hickory Crawdads,HIC,448,Hickory,AFA,TEX,2022,673916,2022-09-08 19:00:00,HIC - AFA,448,AFA,true,true,true,Hickory,HIC,HIC,432,ROM,ROM,W 5-4,TEX,ATL,20.8,A+,24,1,1,5.0,79,20,40.5%,94.7,95.3,19.1,6.34,60.0%,5.0%,69.6%,58.2%,10.1%,70.0%,70.0%,53.85%,76.92%,44.3%,47.4%,35.7%,30.3%,52.6%,16.7%,.146,.176,2.20,.028,Braves,HIC vs. ROM (2022-09-08)<br>W 5-4,9/8/22
42,694358,T. Roby,Tekoah Roby,Roby,Tekoah,P,St. Louis Cardinals,STL,138,St. Louis,mlb,STL,Hickory Crawdads,HIC,448,Hickory,AFA,TEX,2022,674621,2022-09-01 19:05:00,HIC - AFA,448,AFA,false,false,true,Hickory,HIC,HIC,488,ABD,ABD,L 3-4,TEX,BAL,20.8,A+,24,1,1,4.2,76,19,51.3%,95.3,96.1,20.8,6.32,26.3%,0.0%,64.5%,48.7%,7.9%,57.9%,47.4%,10.00%,40.00%,31.6%,28.6%,16.7%,28.2%,71.4%,15.4%,.407,.282,-1.62,-.021,IronBirds,HIC vs. ABD (2022-09-01)<br>L 3-4,9/1/22
43,694358,T. Roby,Tekoah Roby,Roby,Tekoah,P,St. Louis Cardinals,STL,138,St. Louis,mlb,STL,Hickory Crawdads,HIC,448,Hickory,AFA,TEX,2022,673551,2022-08-26 19:05:00,HIC - AFA,448,AFA,false,false,true,Hickory,HIC,HIC,537,HV,HV,L 4-5,TEX,NYY,20.8,A+,24,1,1,5.0,71,22,46.5%,94.9,95.8,19.0,6.77,31.8%,0.0%,69.0%,50.7%,18.3%,59.1%,50.0%,0.00%,75.00%,36.6%,36.1%,21.4%,22.9%,63.9%,14.3%,.344,.399,-1.15,-.016,Renegades,HIC vs. HV (2022-08-26)<br>L 4-5,8/26/22
44,694358,T. Roby,Tekoah Roby,Roby,Tekoah,P,St. Louis Cardinals,STL,138,St. Louis,mlb,STL,Hickory Crawdads,HIC,448,Hickory,AFA,TEX,2022,673921,2022-08-19 19:00:00,HIC - AFA,448,AFA,true,true,true,Hickory,HIC,HIC,580,WS,WS,W 4-3,TEX,CWS,20.8,A+,24,1,1,5.0,71,20,56.3%,94.1,94.7,20.1,6.29,40.0%,5.0%,80.3%,62.0%,9.9%,85.0%,75.0%,15.38%,66.67%,42.3%,38.6%,25.0%,44.4%,61.4%,18.2%,.230,.230,2.04,.029,Dash,HIC vs. WS (2022-08-19)<br>W 4-3,8/19/22
45,694358,T. Roby,Tekoah Roby,Roby,Tekoah,P,St. Louis Cardinals,STL,138,St. Louis,mlb,STL,Hickory Crawdads,HIC,448,Hickory,AFA,TEX,2022,673819,2022-08-12 19:05:00,HIC - AFA,448,AFA,false,true,true,Hickory,HIC,HIC,428,GVL,GVL,W 7-4,TEX,BOS,20.8,A+,24,1,1,4.2,79,19,50.0%,94.7,95.5,18.8,6.04,21.1%,15.8%,60.8%,48.7%,7.7%,68.4%,47.4%,13.33%,33.33%,27.8%,29.7%,17.4%,35.0%,70.3%,8.3%,.223,.202,2.15,.027,Drive,HIC vs. GVL (2022-08-12)<br>W 7-4,8/12/22
46,694358,T. Roby,Tekoah Roby,Roby,Tekoah,P,St. Louis Cardinals,STL,138,St. Louis,mlb,STL,Hickory Crawdads,HIC,448,Hickory,AFA,TEX,2022,673933,2022-08-05 19:00:00,HIC - AFA,448,AFA,true,false,true,Hickory,HIC,HIC,573,ASH,ASH,L 7-9,TEX,HOU,20.8,A+,24,1,0,3.2,77,19,28.6%,94.7,95.1,19.6,6.22,21.1%,15.8%,63.6%,44.2%,13.0%,57.9%,52.6%,23.08%,44.44%,33.8%,34.3%,20.0%,34.9%,65.7%,16.7%,.434,.462,-0.50,-.006,Tourists,HIC vs. ASH (2022-08-05)<br>L 7-9,8/5/22
47,694358,T. Roby,Tekoah Roby,Roby,Tekoah,P,St. Louis Cardinals,STL,138,St. Louis,mlb,STL,Hickory Crawdads,HIC,448,Hickory,AFA,TEX,2022,673708,2022-07-29 19:00:00,HIC - AFA,448,AFA,true,false,true,Hickory,HIC,HIC,432,ROM,ROM,L 3-5,TEX,ATL,20.8,A+,24,1,1,5.0,80,21,51.2%,94.4,95.2,19.1,6.43,23.8%,0.0%,73.8%,63.7%,15.0%,81.0%,66.7%,11.76%,50.00%,26.3%,17.4%,15.8%,27.6%,82.6%,23.1%,.231,.361,1.29,.016,Braves,HIC vs. ROM (2022-07-29)<br>L 3-5,7/29/22
48,694358,T. Roby,Tekoah Roby,Roby,Tekoah,P,St. Louis Cardinals,STL,138,St. Louis,mlb,STL,Hickory Crawdads,HIC,448,Hickory,AFA,TEX,2022,674099,2022-07-22 18:30:00,HIC - AFA,448,AFA,false,false,true,Hickory,HIC,HIC,477,GBO,GBO,L 10-12,TEX,PIT,20.8,A+,24,1,1,0.1,36,6,47.2%,94.4,95.5,19.2,6.36,0.0%,33.3%,63.9%,44.4%,30.6%,33.3%,66.7%,0.00%,0.00%,16.7%,19.0%,0.0%,35.0%,81.0%,50.0%,.615,.735,-0.70,-.020,Grasshoppers,HIC vs. GBO (2022-07-22)<br>L 10-12,7/22/22
49,694358,T. Roby,Tekoah Roby,Roby,Tekoah,P,St. Louis Cardinals,STL,138,St. Louis,mlb,STL,Hickory Crawdads,HIC,448,Hickory,AFA,TEX,2022,673721,2022-07-12 19:00:00,HIC - AFA,448,AFA,true,false,true,Hickory,HIC,HIC,426,WIL,WIL,L 0-6,TEX,WSH,20.8,A+,24,1,1,7.0,87,24,52.9%,94.6,95.2,19.3,6.49,20.8%,8.3%,63.2%,54.0%,13.8%,58.3%,54.2%,12.50%,44.44%,27.6%,29.5%,18.8%,30.0%,70.5%,0.0%,.178,.181,3.08,.035,Blue Rocks,HIC vs. WIL (2022-07-12)<br>L 0-6,7/12/22
50,694358,T. Roby,Tekoah Roby,Roby,Tekoah,P,St. Louis Cardinals,STL,138,St. Louis,mlb,STL,Hickory Crawdads,HIC,448,Hickory,AFA,TEX,2022,674299,2022-07-04 19:35:00,HIC - AFA,448,AFA,false,false,true,Hickory,HIC,HIC,2498,BG,BG,L 3-4,TEX,TB,20.8,A+,24,1,1,5.0,75,21,56.0%,94.3,95.0,19.3,6.31,42.9%,4.8%,76.0%,54.7%,10.7%,81.0%,85.7%,27.27%,81.82%,38.7%,34.9%,21.4%,44.1%,65.1%,30.0%,.250,.211,1.37,.018,Hot Rods,HIC vs. BG (2022-07-04)<br>L 3-4,7/4/22
51,694358,T. Roby,Tekoah Roby,Roby,Tekoah,P,St. Louis Cardinals,STL,138,St. Louis,mlb,STL,Hickory Crawdads,HIC,448,Hickory,AFA,TEX,2022,673732,2022-06-28 19:00:00,HIC - AFA,448,AFA,true,false,true,Hickory,HIC,HIC,477,GBO,GBO,L 4-5,TEX,PIT,20.8,A+,24,1,1,5.0,81,21,50.6%,94.3,95.2,19.5,6.51,19.0%,9.5%,66.7%,55.6%,17.3%,66.7%,57.1%,11.76%,57.14%,24.7%,20.9%,20.0%,22.2%,79.1%,21.4%,.360,.385,-0.14,-.002,Grasshoppers,HIC vs. GBO (2022-06-28)<br>L 4-5,6/28/22
52,694358,T. Roby,Tekoah Roby,Roby,Tekoah,P,St. Louis Cardinals,STL,138,St. Louis,mlb,STL,Hickory Crawdads,HIC,448,Hickory,AFA,TEX,2022,673374,2022-06-21 19:00:00,HIC - AFA,448,AFA,false,true,true,Hickory,HIC,HIC,432,ROM,ROM,W 12-6,TEX,ATL,20.8,A+,24,1,1,6.0,92,24,58.2%,93.7,94.6,19.5,6.88,37.5%,8.3%,67.4%,48.9%,13.0%,62.5%,62.5%,47.06%,80.00%,31.5%,32.7%,28.6%,29.8%,67.3%,8.3%,.334,.371,-0.32,-.003,Braves,HIC vs. ROM (2022-06-21)<br>W 12-6,6/21/22
53,694358,T. Roby,Tekoah Roby,Roby,Tekoah,P,St. Louis Cardinals,STL,138,St. Louis,mlb,STL,Hickory Crawdads,HIC,448,Hickory,AFA,TEX,2022,673746,2022-06-14 19:00:00,HIC - AFA,448,AFA,true,true,true,Hickory,HIC,HIC,428,GVL,GVL,W 10-6,TEX,BOS,20.8,A+,24,1,1,5.0,96,22,55.2%,94.0,95.0,19.8,6.51,27.3%,9.1%,62.5%,50.0%,11.5%,59.1%,59.1%,20.00%,50.00%,29.2%,31.9%,29.7%,20.8%,68.1%,28.6%,.209,.392,1.92,.020,Drive,HIC vs. GVL (2022-06-14)<br>W 10-6,6/14/22
54,694358,T. Roby,Tekoah Roby,Roby,Tekoah,P,St. Louis Cardinals,STL,138,St. Louis,mlb,STL,Hickory Crawdads,HIC,448,Hickory,AFA,TEX,2022,674307,2022-06-07 19:35:00,HIC - AFA,448,AFA,false,false,true,Hickory,HIC,HIC,2498,BG,BG,L 0-6,TEX,TB,20.8,A+,24,1,1,5.2,97,21,41.2%,93.0,93.5,19.7,6.43,47.6%,0.0%,63.9%,48.5%,18.6%,52.4%,76.2%,42.86%,58.33%,32.0%,29.5%,19.4%,26.0%,70.5%,20.0%,.195,.338,0.75,.008,Hot Rods,HIC vs. BG (2022-06-07)<br>L 0-6,6/7/22
55,694358,T. Roby,Tekoah Roby,Roby,Tekoah,P,St. Louis Cardinals,STL,138,St. Louis,mlb,STL,Hickory Crawdads,HIC,448,Hickory,AFA,TEX,2022,674480,2022-05-31 18:35:00,HIC - AFA,448,AFA,false,false,true,Hickory,HIC,HIC,573,ASH,ASH,L 2-4,TEX,HOU,20.8,A+,24,1,1,5.1,86,22,68.6%,93.3,94.5,19.2,6.40,40.9%,4.5%,66.3%,44.2%,11.6%,63.6%,54.5%,33.33%,63.64%,37.2%,34.2%,25.0%,29.2%,65.8%,16.7%,.286,.303,0.06,.001,Tourists,HIC vs. ASH (2022-05-31)<br>L 2-4,5/31/22
56,694358,T. Roby,Tekoah Roby,Roby,Tekoah,P,St. Louis Cardinals,STL,138,St. Louis,mlb,STL,Hickory Crawdads,HIC,448,Hickory,AFA,TEX,2022,673768,2022-05-24 13:05:00 (1),HIC - AFA,448,AFA,true,true,true,Hickory,HIC,HIC,580,WS,WS,W 2-1 (7),TEX,CWS,20.8,A+,24,1,1,5.1,80,22,63.7%,94.3,95.3,20.1,6.70,9.1%,9.1%,68.8%,58.8%,18.8%,50.0%,68.2%,7.14%,33.33%,20.0%,11.4%,7.9%,18.2%,88.6%,23.5%,.265,.192,1.51,.019,Dash,HIC vs. WS (2022-05-24)<br>W 2-1,5/24/22
57,694358,T. Roby,Tekoah Roby,Roby,Tekoah,P,St. Louis Cardinals,STL,138,St. Louis,mlb,STL,Hickory Crawdads,HIC,448,Hickory,AFA,TEX,2022,673939,2022-05-17 19:05:00,HIC - AFA,448,AFA,false,false,true,Hickory,HIC,HIC,428,GVL,GVL,L 6-11,TEX,BOS,20.8,A+,24,1,1,5.0,83,24,65.5%,93.7,94.6,19.6,6.24,12.5%,8.3%,65.1%,48.8%,15.5%,66.7%,62.5%,16.67%,22.22%,24.1%,20.9%,14.3%,34.9%,79.1%,6.3%,.322,.405,0.63,.008,Drive,HIC vs. GVL (2022-05-17)<br>L 6-11,5/17/22
58,694358,T. Roby,Tekoah Roby,Roby,Tekoah,P,St. Louis Cardinals,STL,138,St. Louis,mlb,STL,Hickory Crawdads,HIC,448,Hickory,AFA,TEX,2022,673776,2022-05-10 19:00:00,HIC - AFA,448,AFA,true,false,true,Hickory,HIC,HIC,477,GBO,GBO,L 4-6,TEX,PIT,20.8,A+,24,1,1,5.0,82,23,56.1%,93.8,94.4,20.9,6.67,26.1%,13.0%,64.6%,46.3%,9.8%,56.5%,56.5%,30.00%,60.00%,34.1%,35.9%,21.7%,36.4%,64.1%,14.3%,.273,.389,1.70,.021,Grasshoppers,HIC vs. GBO (2022-05-10)<br>L 4-6,5/10/22
59,694358,T. Roby,Tekoah Roby,Roby,Tekoah,P,St. Louis Cardinals,STL,138,St. Louis,mlb,STL,Hickory Crawdads,HIC,448,Hickory,AFA,TEX,2022,673777,2022-05-01 15:00:00,HIC - AFA,448,AFA,true,false,true,Hickory,HIC,HIC,428,GVL,GVL,L 5-10,TEX,BOS,20.8,A+,24,1,1,4.0,72,21,56.9%,93.2,94.1,21.0,6.57,19.0%,19.0%,55.6%,38.9%,19.4%,52.4%,61.9%,20.00%,66.67%,22.2%,27.3%,5.0%,29.5%,72.7%,16.7%,.432,.437,-1.26,-.017,Drive,HIC vs. GVL (2022-05-01)<br>L 5-10,5/1/22
60,694358,T. Roby,Tekoah Roby,Roby,Tekoah,P,St. Louis Cardinals,STL,138,St. Louis,mlb,STL,Hickory Crawdads,HIC,448,Hickory,AFA,TEX,2022,673241,2022-04-24 13:05:00,HIC - AFA,448,AFA,false,true,true,Hickory,HIC,HIC,426,WIL,WIL,W 1-0,TEX,WSH,20.8,A+,24,1,1,5.0,65,19,52.3%,93.3,94.0,22.2,6.10,26.3%,10.5%,64.6%,47.7%,15.4%,63.2%,63.2%,33.33%,50.00%,33.8%,39.4%,27.3%,32.4%,60.6%,16.7%,.279,.232,1.09,.017,Blue Rocks,HIC vs. WIL (2022-04-24)<br>W 1-0,4/24/22
61,694358,T. Roby,Tekoah Roby,Roby,Tekoah,P,St. Louis Cardinals,STL,138,St. Louis,mlb,STL,Hickory Crawdads,HIC,448,Hickory,AFA,TEX,2022,673835,2022-04-16 19:01:00 (2),HIC - AFA,448,AFA,true,false,true,Hickory,HIC,HIC,2498,BG,BG,L 4-9 (7),TEX,TB,20.8,A+,24,1,1,4.2,62,22,45.2%,94.3,94.8,20.5,6.62,22.7%,4.5%,80.6%,69.4%,11.3%,54.5%,81.8%,60.00%,57.14%,35.5%,28.2%,25.8%,42.1%,71.8%,14.3%,.415,.495,-0.87,-.014,Hot Rods,HIC vs. BG (2022-04-16)<br>L 4-9,4/16/22
62,694358,T. Roby,Tekoah Roby,Roby,Tekoah,P,St. Louis Cardinals,STL,138,St. Louis,mlb,STL,Hickory Crawdads,HIC,448,Hickory,AFA,TEX,2022,673131,2022-04-10 13:00:00,HIC - AFA,448,AFA,false,true,true,Hickory,HIC,HIC,580,WS,WS,W 5-2,TEX,CWS,20.8,A+,24,1,1,3.1,55,12,-,-,-,-,-,33.3%,8.3%,65.5%,-,-,58.3%,58.3%,25.00%,80.00%,34.5%,37.0%,-,-,63.0%,-,.230,.230,1.63,.030,Dash,HIC vs. WS (2022-04-10)<br>W 5-2,4/10/22
63,694358,T. Roby,Tekoah Roby,Roby,Tekoah,P,St. Louis Cardinals,STL,138,St. Louis,mlb,STL,Down East Wood Ducks,DE,485,Down East,AFX,TEX,2021,649218,2021-06-11 20:30:00,DE - AFX,485,AFX,false,true,true,Down East,DE,DE,3712,FAY,FAY,W 4-0 (7),TEX,HOU,19.8,A,24,1,1,5.0,73,18,59.7%,91.7,92.6,20.6,6.05,44.4%,0.0%,67.1%,47.9%,9.6%,61.1%,61.1%,40.00%,62.50%,31.5%,29.7%,25.0%,34.2%,70.3%,0.0%,.102,.146,2.34,.032,Woodpeckers,DE vs. FAY (2021-06-11)<br>W 4-0,6/11/21
64,694358,T. Roby,Tekoah Roby,Roby,Tekoah,P,St. Louis Cardinals,STL,138,St. Louis,mlb,STL,Down East Wood Ducks,DE,485,Down East,AFX,TEX,2021,649550,2021-06-04 20:21:00 (2),DE - AFX,485,AFX,false,true,true,Down East,DE,DE,249,WIL,WIL,W 5-1 (7),TEX,MIL,19.8,A,24,1,1,5.0,82,22,48.8%,92.6,93.6,22.0,6.09,36.4%,4.5%,68.3%,36.6%,18.3%,72.7%,63.6%,35.71%,72.73%,35.4%,37.2%,25.0%,36.5%,62.8%,0.0%,.180,.295,1.82,.022,Mudcats,DE vs. WIL (2021-06-04)<br>W 5-1,6/4/21
65,694358,T. Roby,Tekoah Roby,Roby,Tekoah,P,St. Louis Cardinals,STL,138,St. Louis,mlb,STL,Down East Wood Ducks,DE,485,Down East,AFX,TEX,2021,649432,2021-05-28 19:00:00,DE - AFX,485,AFX,true,true,true,Down East,DE,DE,436,FBG,FBG,W 6-2,TEX,WSH,19.8,A,24,1,1,4.0,69,18,49.3%,92.8,93.3,22.8,5.84,50.0%,16.7%,65.2%,43.5%,15.9%,66.7%,77.8%,50.00%,75.00%,40.6%,52.8%,45.5%,35.9%,47.2%,0.0%,.187,.213,2.29,.033,Nationals,DE vs. FBG (2021-05-28)<br>W 6-2,5/28/21
66,694358,T. Roby,Tekoah Roby,Roby,Tekoah,P,St. Louis Cardinals,STL,138,St. Louis,mlb,STL,Down East Wood Ducks,DE,485,Down East,AFX,TEX,2021,649456,2021-05-21 19:05:00,DE - AFX,485,AFX,false,false,true,Down East,DE,DE,233,CHS,CHS,L 2-7,TEX,TB,19.8,A,24,1,1,2.2,56,13,51.8%,91.7,93.0,23.8,6.04,30.8%,7.7%,67.9%,53.6%,12.5%,61.5%,69.2%,18.18%,50.00%,26.8%,17.9%,18.2%,23.1%,82.1%,16.7%,.266,.340,0.70,.012,RiverDogs,DE vs. CHS (2021-05-21)<br>L 2-7,5/21/21
67,694358,T. Roby,Tekoah Roby,Roby,Tekoah,P,St. Louis Cardinals,STL,138,St. Louis,mlb,STL,Down East Wood Ducks,DE,485,Down East,AFX,TEX,2021,649268,2021-05-14 19:00:00,DE - AFX,485,AFX,true,false,true,Down East,DE,DE,249,WIL,WIL,L 2-8,TEX,MIL,19.8,A,24,1,1,3.0,45,10,59.0%,92.4,93.1,22.5,6.25,30.0%,10.0%,48.9%,38.5%,12.8%,40.0%,30.0%,66.67%,100.00%,28.9%,40.0%,33.3%,12.5%,60.0%,40.0%,.377,.270,-0.91,-.020,Mudcats,DE vs. WIL (2021-05-14)<br>L 2-8,5/14/21
68,694358,T. Roby,Tekoah Roby,Roby,Tekoah,P,St. Louis Cardinals,STL,138,St. Louis,mlb,STL,Down East Wood Ducks,DE,485,Down East,AFX,TEX,2021,649098,2021-05-07 19:00:00,DE - AFX,485,AFX,false,true,true,Down East,DE,DE,487,KAN,KAN,W 4-2,TEX,CWS,19.8,A,24,1,1,2.1,31,9,64.5%,91.9,92.8,20.5,6.60,33.3%,11.1%,64.5%,41.9%,19.4%,66.7%,77.8%,50.00%,66.67%,35.5%,43.8%,33.3%,22.2%,56.3%,0.0%,.270,.157,0.45,.015,Cannon Ballers,DE vs. KAN (2021-05-07)<br>W 4-2,5/7/21
