Rank,playerId,abbrevName,playerFullName,player,playerFirstName,pos,currentTeamName,currentTeamAbbrevName,currentTeamId,currentTeamLocation,currentTeamLevel,currentOrg,newestTeamName,newestTeamAbbrevName,newestTeamId,newestTeamLocation,newestTeamLevel,newestOrg,batsHand,throwsHand,SeasonAgeAvg,CurrentAge,G,GS,IP,P,BF,Fast%,Vel4S,90thVel,IndVertBrk90,Extension,K%,BB%,Strike%,InZone%,NonCompLoc%,T3PO,FPStk%,Kill%,2KC,CSW%,Miss%,In Zone Miss,Chase%,Contact%,Barrel%,xWOBA,wOBA,xPitchRV,xPitchRV/P
1,701404,F. Jameson,Fisher Jameson,Jameson,Fisher,P,Spokane Indians,SPO,486,Spokane,afa,COL,Fresno Grizzlies,FRE,259,Fresno,AFX,COL,R,R,22.2,22,39,7,99.1,1546,408,13.7%,92.6,93.2,16.0,5.00,22.8%,5.4%,64.6%,49.3%,16.2%,63.0%,55.9%,20.17%,47.50%,29.8%,29.8%,18.0%,29.6%,70.2%,10.1%,.256,.274,19.99,.013
2,702910,J. Lara,Jhancarlos Lara,Lara,Jhancarlos,P,Columbus Clingstones,COL,6325,Columbus,aax,ATL,Gwinnett Stripers,GWN,431,Gwinnett,AAA,ATL,R,R,22.5,23,34,14,68.2,1388,327,34.1%,98.5,99.4,15.9,6.48,31.8%,19.9%,55.1%,41.1%,24.9%,50.8%,46.9%,32.14%,59.68%,31.3%,38.0%,25.5%,24.1%,62.0%,16.9%,.331,.352,-1.04,-.001
3,800260,A. Flores,Anthony Flores,Flores,Anthony,P,Biloxi Shuckers,BLX,5015,Biloxi,aax,MIL,Wisconsin Timber Rattlers,WIS,572,Wisconsin,AFA,MIL,L,L,20.7,21,32,11,91.0,1553,404,20.5%,88.7,89.1,11.6,5.76,22.8%,11.9%,61.0%,49.9%,16.9%,56.7%,56.8%,23.01%,53.73%,28.0%,26.6%,16.5%,25.2%,73.4%,18.2%,.325,.335,3.54,.002
3,811598,K. Olmedo,Kleiber Olmedo,Olmedo,Kleiber,P,Fort Wayne TinCaps,FW,584,Fort Wayne,afa,SD,Lake Elsinore Storm,LE,103,Lake Elsinore,AFX,SD,R,R,20.9,21,32,8,77.2,1324,354,39.1%,93.2,94.8,19.8,5.76,24.3%,10.5%,63.5%,47.7%,17.4%,59.3%,59.7%,28.30%,52.08%,29.8%,32.6%,23.4%,30.8%,67.4%,15.6%,.291,.334,12.88,.010
5,692352,M. Mercedes,Manuel Mercedes,Mercedes,Manuel,P,Richmond Flying Squirrels,RIC,3410,Richmond,aax,SF,Richmond Flying Squirrels,RIC,3410,Richmond,AAX,SF,R,R,22.8,23,31,16,91.1,1651,424,0.7%,93.3,94.9,10.8,6.04,14.6%,11.6%,58.4%,50.2%,16.7%,53.3%,54.7%,15.69%,41.13%,23.9%,18.4%,13.3%,18.7%,81.6%,18.1%,.348,.364,-8.95,-.005
5,692616,M. Veliz,Mauricio Veliz,Veliz,Mauricio,P,,,,,,,Northwest Arkansas Naturals,NWA,1350,NW Arkansas,AAX,KC,R,R,23.0,23,31,5,65.2,1167,307,21.1%,94.0,94.9,16.4,6.45,16.9%,11.7%,59.0%,48.8%,17.1%,56.4%,56.8%,15.15%,42.71%,25.8%,26.8%,21.0%,22.4%,73.2%,14.9%,.302,.340,7.19,.006
5,701717,D. Pence,Dalton Pence,Pence,Dalton,P,Hub City Spartanburgers,HCS,6324,Hub City,afa,TEX,Hub City Spartanburgers,HCS,6324,Hub City,AFA,TEX,L,L,22.8,23,31,18,82.1,1352,327,52.6%,91.9,92.9,22.0,6.10,31.5%,8.3%,65.2%,51.3%,16.1%,69.7%,62.3%,21.82%,58.71%,30.5%,32.0%,25.2%,29.9%,68.0%,17.9%,.252,.246,19.38,.014
8,694397,M. Raya,Marco Raya,Raya,Marco,P,St. Paul Saints,STP,1960,St. Paul,aaa,MIN,St. Paul Saints,STP,1960,St. Paul,AAA,MIN,R,R,22.9,23,30,20,98.2,1721,451,19.5%,95.3,95.4,14.4,6.29,22.6%,12.6%,61.2%,44.8%,22.7%,56.3%,59.3%,25.54%,51.76%,28.2%,30.5%,18.2%,29.4%,69.5%,17.6%,.314,.363,7.04,.004
8,827526,J. Kisting,Jacob Kisting,Kisting,Jacob,P,Bowling Green Hot Rods,BG,2498,Bowling Green,afa,TB,Cedar Rapids Kernels,CR,492,Cedar Rapids,AFA,MIN,R,R,22.2,23,30,5,73.2,1185,300,28.0%,92.4,93.3,18.5,6.14,25.7%,7.7%,65.5%,56.1%,14.9%,59.3%,60.7%,20.71%,55.56%,30.6%,26.3%,20.7%,25.4%,73.8%,11.1%,.272,.254,14.66,.012
8,700481,E. Catlett,Everett Catlett,Catlett,Everett,P,Spokane Indians,SPO,486,Spokane,afa,COL,Spokane Indians,SPO,486,Spokane,AFA,COL,L,L,23.0,23,30,21,133.1,2210,571,25.5%,92.0,92.6,18.5,5.68,23.5%,8.6%,62.3%,45.9%,17.7%,59.0%,58.3%,20.97%,49.77%,29.1%,30.4%,20.6%,29.2%,69.6%,14.3%,.277,.308,19.89,.009
8,701512,T. Novotny,Tucker Novotny,Novotny,Tucker,P,Lansing Lugnuts,LAN,499,Lansing,afa,ATH,Stockton Ports,STK,524,Stockton,AFX,ATH,R,L,22.6,23,30,9,77.2,1347,334,12.5%,89.0,90.4,17.7,7.00,29.0%,11.1%,63.8%,49.8%,14.0%,60.2%,60.8%,25.73%,54.55%,32.3%,32.0%,22.3%,28.8%,68.0%,10.3%,.267,.270,18.23,.014
12,691436,A. Pacheco,Alberto Pacheco,Pacheco,Alberto,P,Hartford Yard Goats,HFD,538,Hartford,aax,COL,Spokane Indians,SPO,486,Spokane,AFA,COL,L,L,22.6,23,29,21,113.0,2024,524,1.1%,93.3,93.9,13.5,5.50,17.0%,11.1%,61.5%,49.7%,17.9%,58.6%,56.7%,16.56%,37.57%,24.4%,22.7%,18.3%,23.7%,77.3%,18.1%,.344,.381,-3.03,-.001
12,700167,B. Mena,Bryan Mena,Mena,Bryan,P,Greensboro Grasshoppers,GBO,477,Greensboro,afa,PIT,Fresno Grizzlies,FRE,259,Fresno,AFX,COL,R,R,21.0,21,29,18,107.1,1875,498,35.3%,91.1,92.0,14.9,5.42,19.5%,11.4%,59.1%,45.4%,20.0%,55.0%,52.8%,20.70%,50.66%,25.9%,25.2%,16.9%,23.4%,74.8%,17.5%,.355,.358,-14.84,-.008
14,700712,W. Urena,Walbert Urena,Urena,Walbert,P,Los Angeles Angels,LAA,108,LA Angels,mlb,LAA,Salt Lake Bees,SL,561,Salt Lake,AAA,LAA,R,R,21.4,22,28,28,141.0,2317,604,13.2%,95.3,98.1,12.8,5.98,20.7%,12.1%,60.9%,52.6%,13.6%,58.1%,54.0%,17.99%,52.66%,26.4%,26.1%,18.8%,25.8%,73.9%,14.1%,.302,.298,22.10,.010
14,700322,K. Key,Keythel Key,Key,Keythel,P,Tri-City Dust Devils,TRI,460,Tri-City,afa,LAA,Rocket City Trash Pandas,RCT,559,Rocket City,AAX,LAA,R,R,21.7,22,28,17,100.1,1899,468,56.0%,96.3,97.5,17.1,6.12,24.1%,13.7%,59.5%,47.1%,18.6%,54.3%,55.0%,21.30%,48.69%,27.8%,29.8%,20.7%,26.2%,70.2%,13.4%,.315,.358,7.27,.004
14,701780,T. McDougal,Tanner McDougal,McDougal,Tanner,P,Charlotte Knights,CLT,494,Charlotte,aaa,CWS,Birmingham Barons,BIR,247,Birmingham,AAX,CWS,R,R,22.2,23,28,28,113.1,1867,481,34.9%,97.6,98.7,17.9,6.31,28.3%,10.2%,62.8%,51.8%,17.1%,60.9%,59.1%,26.19%,54.37%,30.2%,29.0%,22.5%,24.7%,71.0%,18.2%,.275,.300,18.88,.010
14,814492,W. Watson,Will Watson,Watson,Will,P,Binghamton Rumble Ponies,BNG,505,Binghamton,aax,NYM,Binghamton Rumble Ponies,BNG,505,Binghamton,AAX,NYM,R,R,22.6,23,28,23,121.1,1946,499,31.9%,95.1,95.8,17.8,6.31,28.5%,11.6%,62.6%,48.7%,19.1%,63.5%,64.0%,25.08%,60.62%,30.3%,29.3%,19.7%,26.1%,70.7%,15.5%,.264,.273,21.69,.011
14,809814,F. Texido,Francis Texido,Texido,Francis,P,Rancho Cucamonga Quakes,RC,526,Rancho Cuca.,afx,LAA,Tri-City Dust Devils,TRI,460,Tri-City,AFA,LAA,L,L,20.2,21,28,19,103.1,1995,490,18.7%,91.4,92.3,17.8,5.80,18.8%,18.8%,53.0%,45.7%,20.9%,50.4%,50.9%,21.99%,46.58%,25.7%,26.1%,17.9%,16.1%,73.9%,15.8%,.357,.349,-10.50,-.005
14,800053,A. Roman,Angel Roman,Roman,Angel,P,,,,,,,Fredericksburg Nationals,FBG,436,Fredericksburg,AFX,WSH,L,L,21.8,22,28,12,79.2,1263,374,29.7%,88.3,88.7,12.3,5.61,13.6%,8.8%,62.5%,50.6%,14.9%,59.1%,59.5%,18.35%,40.19%,22.6%,17.1%,12.1%,24.4%,82.9%,13.9%,.351,.375,-7.50,-.006
20,694205,V. Lizarraga,Victor Lizarraga,Lizarraga,Victor,P,San Antonio Missions,SA,510,San Antonio,aax,SD,El Paso Chihuahuas,ELP,4904,El Paso,AAA,SD,R,R,21.6,22,27,25,101.1,1795,462,21.6%,91.3,92.4,13.9,6.69,19.9%,13.0%,60.7%,48.3%,17.0%,56.5%,60.1%,17.84%,47.37%,26.3%,24.9%,18.3%,23.8%,75.1%,19.5%,.335,.351,-1.64,-.001
20,695476,M. Albright,Mason Albright,Albright,Mason,P,,,,,,,Albuquerque Isotopes,ABQ,342,Albuquerque,AAA,COL,L,L,22.6,23,27,25,117.2,2008,531,40.9%,90.5,91.4,15.2,5.80,16.0%,8.1%,63.3%,47.9%,14.5%,58.9%,59.3%,14.41%,34.81%,23.4%,19.6%,13.2%,28.8%,80.4%,18.8%,.373,.397,-20.29,-.010
20,695684,E. Rodríguez,Elmer Rodríguez,Rodríguez,Elmer,P,Scranton/Wilkes-Barre RailRiders,SWB,531,Scranton/WB,aaa,NYY,Scranton/Wilkes-Barre RailRiders,SWB,531,Scranton/WB,AAA,NYY,L,R,21.9,22,27,26,150.0,2370,607,3.7%,95.3,96.2,12.4,6.52,29.0%,9.4%,63.0%,49.5%,16.3%,61.4%,60.9%,26.77%,54.33%,34.0%,33.3%,23.0%,26.6%,66.7%,13.6%,.267,.244,24.90,.011
20,696062,W. Dotel,Wilber Dotel,Dotel,Wilber,P,Pittsburgh Pirates,PIT,134,Pittsburgh,mlb,PIT,Altoona Curve,ALT,452,Altoona,AAX,PIT,R,R,22.8,23,27,27,125.2,2104,535,15.7%,95.7,97.5,17.8,6.43,24.5%,8.0%,64.9%,53.8%,13.5%,61.9%,56.2%,19.45%,50.00%,27.8%,26.5%,20.3%,27.2%,73.5%,18.7%,.304,.310,11.65,.006
20,691414,Y. Gómez,Yorman Gómez,Gómez,Yorman,P,Cleveland Guardians,CLE,114,Cleveland,mlb,CLE,Akron RubberDucks,AKR,402,Akron,AAX,CLE,R,R,22.6,23,27,15,121.2,2031,504,44.9%,94.4,95.5,19.2,6.39,27.6%,9.5%,64.9%,52.5%,12.7%,65.1%,63.7%,22.96%,51.97%,28.9%,29.4%,22.1%,30.5%,70.6%,15.7%,.256,.265,34.17,.017
20,703420,J. Marcheco,Jorge Marcheco,Marcheco,Jorge,P,Lansing Lugnuts,LAN,499,Lansing,afa,ATH,Tri-City Dust Devils,TRI,460,Tri-City,AFA,LAA,R,R,22.9,23,27,12,84.2,1372,349,28.5%,87.9,88.8,18.4,6.09,24.1%,6.6%,65.0%,50.1%,12.5%,66.8%,61.4%,18.49%,45.10%,30.6%,25.9%,21.2%,29.6%,74.1%,20.1%,.288,.314,9.20,.007
20,804948,G. Stanifer,Gage Stanifer,Stanifer,Gage,P,New Hampshire Fisher Cats,NH,463,New Hampshire,aax,TOR,New Hampshire Fisher Cats,NH,463,New Hampshire,AAX,TOR,R,R,21.6,22,27,16,110.0,1838,453,53.5%,94.6,95.9,20.6,5.76,35.5%,12.8%,62.1%,49.0%,16.3%,62.0%,58.9%,28.40%,65.98%,32.9%,37.0%,28.4%,27.8%,63.0%,15.0%,.246,.254,29.93,.016
20,820825,K. Eaton,Konner Eaton,Eaton,Konner,P,Hartford Yard Goats,HFD,538,Hartford,aax,COL,Hartford Yard Goats,HFD,538,Hartford,AAX,COL,R,L,22.6,23,27,27,140.0,2222,592,13.7%,94.1,94.5,15.2,6.40,25.2%,8.8%,63.9%,53.2%,13.3%,59.3%,63.7%,22.40%,52.10%,31.8%,29.8%,20.6%,26.0%,70.2%,14.4%,.279,.307,24.62,.011
28,691725,A. Painter,Andrew Painter,Painter,Andrew,P,Philadelphia Phillies,PHI,143,Philadelphia,mlb,PHI,Lehigh Valley IronPigs,LHV,1410,Lehigh Valley,AAA,PHI,R,R,22.2,23,26,26,118.0,2013,520,44.3%,96.7,97.5,18.0,6.30,23.7%,9.0%,64.2%,47.5%,17.2%,61.5%,60.1%,21.36%,47.98%,27.9%,27.7%,18.0%,31.3%,72.3%,18.7%,.314,.354,5.60,.003
28,695534,C. Petty,Chase Petty,Petty,Chase,P,Cincinnati Reds,CIN,113,Cincinnati,mlb,CIN,Louisville Bats,LOU,416,Louisville,AAA,CIN,R,R,22.2,23,26,26,112.2,1935,520,19.6%,95.8,96.2,13.6,6.19,19.6%,11.2%,60.9%,46.4%,17.7%,56.0%,59.2%,24.03%,50.92%,25.8%,24.9%,18.3%,27.1%,75.1%,20.7%,.339,.355,-6.34,-.003
28,702275,J. Ritchie,JR Ritchie,Ritchie,JR,P,Gwinnett Stripers,GWN,431,Gwinnett,aaa,ATL,Gwinnett Stripers,GWN,431,Gwinnett,AAA,ATL,R,R,22.0,22,26,26,140.0,2203,564,21.2%,93.6,94.6,14.9,6.44,24.8%,9.6%,63.7%,46.8%,17.5%,64.7%,65.0%,21.41%,48.91%,28.0%,25.1%,16.5%,32.0%,74.9%,12.3%,.269,.252,24.61,.011
28,695247,J. Haynes,Jagger Haynes,Haynes,Jagger,P,San Antonio Missions,SA,510,San Antonio,aax,SD,San Antonio Missions,SA,510,San Antonio,AAX,SD,L,L,22.8,23,26,25,103.0,1703,443,29.2%,92.3,93.5,17.1,6.10,22.8%,14.0%,59.9%,48.7%,18.1%,57.3%,58.7%,22.57%,50.98%,28.2%,28.8%,19.5%,23.6%,71.2%,18.9%,.329,.329,1.60,.001
28,800125,F. Perez,Fernando Perez,Perez,Fernando,P,New Hampshire Fisher Cats,NH,463,New Hampshire,aax,TOR,New Hampshire Fisher Cats,NH,463,New Hampshire,AAX,TOR,R,R,21.4,22,26,26,121.1,1846,503,41.2%,92.3,93.4,18.2,5.90,20.9%,5.6%,70.5%,57.3%,8.9%,67.4%,66.7%,16.39%,41.85%,27.5%,23.5%,19.3%,35.3%,76.5%,14.8%,.268,.271,32.13,.017
28,701328,J. Ferris,Jackson Ferris,Ferris,Jackson,P,Oklahoma City Comets,OKC,238,Okla. City,aaa,LAD,Tulsa Drillers,TUL,260,Tulsa,AAX,LAD,L,L,21.5,22,26,24,126.0,2206,557,40.6%,93.6,94.6,14.5,6.65,24.2%,11.8%,62.0%,52.8%,15.1%,58.2%,58.0%,20.12%,52.56%,29.1%,27.1%,18.2%,23.8%,72.9%,14.0%,.296,.316,18.02,.008
28,808054,Y. Chalas,Yordin Chalas,Chalas,Yordin,P,,,,,,,Amarillo Sod Poodles,AMA,5368,Amarillo,AAX,AZ,R,R,21.4,22,26,17,71.1,1276,330,38.5%,95.6,96.7,16.1,6.55,20.6%,11.5%,62.3%,53.5%,13.2%,55.2%,59.2%,16.67%,48.74%,27.0%,24.3%,17.3%,23.3%,75.7%,16.8%,.304,.339,9.59,.008
28,808825,A. Sears,Andrew Sears,Sears,Andrew,P,,,,,,,Erie SeaWolves,ERI,106,Erie,AAX,DET,L,L,22.8,23,26,22,111.0,1771,467,14.3%,93.7,95.0,16.9,6.82,26.3%,7.7%,65.7%,52.7%,17.2%,62.5%,59.7%,27.57%,53.57%,29.8%,29.4%,21.1%,30.2%,70.6%,17.4%,.270,.286,23.06,.013
28,827734,W. Lin,Wei-En Lin,Lin,Wei-En,P,Midland RockHounds,MID,237,Midland,aax,ATH,Midland RockHounds,MID,237,Midland,AAX,ATH,L,L,19.7,20,26,13,87.0,1350,350,33.0%,91.4,92.7,20.0,6.47,33.4%,6.3%,68.4%,54.5%,14.9%,66.3%,66.9%,26.27%,59.88%,32.1%,33.2%,28.7%,34.4%,66.8%,16.7%,.245,.280,23.62,.017
28,695611,G. Jump,Gage Jump,Jump,Gage,P,Las Vegas Aviators,LV,400,Las Vegas,aaa,ATH,Midland RockHounds,MID,237,Midland,AAX,ATH,L,L,22.2,23,26,24,112.2,1823,461,43.5%,94.6,95.6,19.2,6.10,28.4%,7.4%,64.9%,55.1%,12.2%,63.3%,63.1%,22.92%,56.76%,31.1%,29.6%,21.7%,26.4%,70.4%,14.4%,.261,.266,24.31,.013
28,701388,J. Cijntje,Jurrangelo Cijntje,Cijntje,Jurrangelo,P,Springfield Cardinals,SPR,440,Springfield,aax,STL,Arkansas Travelers,ARK,574,Arkansas,AAX,SEA,S,S,22.1,22,26,23,108.1,1744,459,53.8%,96.2,97.6,19.9,6.15,26.1%,11.1%,63.0%,51.7%,15.4%,61.7%,62.7%,24.68%,55.56%,28.7%,27.3%,22.2%,26.0%,72.7%,16.0%,.277,.305,19.19,.011
28,702373,F. Arronde,Felix Arronde,Arronde,Felix,P,Northwest Arkansas Naturals,NWA,1350,NW Arkansas,aax,KC,Quad Cities River Bandits,QC,565,Quad Cities,AFA,KC,R,R,22.2,22,26,24,128.2,1915,517,32.2%,94.2,95.3,18.1,6.44,19.5%,8.1%,63.2%,51.9%,15.9%,63.1%,60.8%,17.67%,46.28%,27.4%,26.4%,18.8%,26.3%,73.6%,12.9%,.307,.275,9.97,.005
28,692404,D. Saladin,Darlin Saladin,Saladin,Darlin,P,Springfield Cardinals,SPR,440,Springfield,aax,STL,Peoria Chiefs,PEO,443,Peoria,AFA,STL,R,R,22.5,23,26,13,94.2,1595,409,38.6%,92.7,93.6,17.3,5.55,19.8%,11.5%,61.8%,49.1%,15.0%,58.2%,58.9%,22.07%,40.79%,28.5%,26.8%,15.0%,27.3%,73.2%,21.4%,.318,.322,7.68,.005
28,802087,F. Arias,Frankeli Arias,Arias,Frankeli,P,Winston-Salem Dash,WS,580,Winston-Salem,afa,CWS,Winston-Salem Dash,WS,580,Winston-Salem,AFA,CWS,L,L,22.2,23,26,17,88.2,1390,370,39.5%,91.2,91.8,20.3,6.06,18.6%,10.8%,62.2%,49.7%,15.6%,59.2%,58.3%,22.54%,42.52%,28.5%,27.6%,18.5%,24.7%,72.4%,13.8%,.284,.286,15.52,.011
28,703469,J. Humphries,Jackson Humphries,Humphries,Jackson,P,Lake County Captains,LC,437,Lake County,afa,CLE,Lake County Captains,LC,437,Lake County,AFA,CLE,R,L,20.9,21,26,26,96.2,1907,451,45.0%,90.7,91.8,21.3,6.08,22.6%,20.2%,54.3%,45.7%,19.7%,49.9%,50.0%,20.85%,54.66%,28.8%,32.1%,24.4%,19.1%,67.9%,16.1%,.329,.339,3.08,.002
28,814279,Y. Vargas,Yeferson Vargas,Vargas,Yeferson,P,Tri-City Dust Devils,TRI,460,Tri-City,afa,LAA,Tri-City Dust Devils,TRI,460,Tri-City,AFA,LAA,R,R,20.9,21,26,26,110.1,1940,499,21.0%,94.8,95.7,16.6,5.89,20.0%,12.2%,62.0%,46.5%,17.8%,60.5%,60.4%,18.03%,45.96%,26.8%,27.4%,17.6%,29.6%,72.6%,14.8%,.331,.341,4.45,.002
28,806064,S. Echavarria,Steven Echavarria,Echavarria,Steven,P,Lansing Lugnuts,LAN,499,Lansing,afa,ATH,Lansing Lugnuts,LAN,499,Lansing,AFA,ATH,R,R,19.9,20,26,25,104.0,1721,451,60.3%,94.9,96.7,20.6,5.84,19.5%,9.3%,61.8%,51.9%,14.0%,56.5%,55.9%,17.74%,44.67%,24.1%,23.2%,16.8%,27.7%,76.8%,16.1%,.301,.329,10.92,.006
28,700933,C. Cortez,Chris Cortez,Cortez,Chris,P,Tri-City Dust Devils,TRI,460,Tri-City,afa,LAA,Tri-City Dust Devils,TRI,460,Tri-City,AFA,LAA,R,R,22.7,23,26,26,113.2,2023,513,3.1%,97.5,98.6,11.7,5.56,22.2%,16.4%,57.3%,43.4%,17.6%,55.9%,50.8%,22.56%,57.14%,27.0%,28.0%,14.7%,27.5%,72.0%,11.3%,.285,.308,19.79,.010
28,701795,D. Beam,Drew Beam,Beam,Drew,P,Northwest Arkansas Naturals,NWA,1350,NW Arkansas,aax,KC,Quad Cities River Bandits,QC,565,Quad Cities,AFA,KC,R,R,22.4,23,26,26,131.2,2012,536,25.5%,94.5,96.0,18.0,6.85,20.5%,5.6%,66.0%,55.2%,12.4%,61.0%,63.0%,22.37%,43.52%,26.9%,21.3%,16.4%,27.7%,78.7%,12.1%,.268,.301,25.52,.013
28,695741,J. Wentworth,Jackson Wentworth,Wentworth,Jackson,P,New Hampshire Fisher Cats,NH,463,New Hampshire,aax,TOR,Vancouver Canadians,VAN,435,Vancouver,AFA,TOR,R,R,22.9,23,26,26,124.0,1990,534,33.6%,91.9,92.7,20.3,6.20,21.7%,8.8%,63.9%,50.1%,14.7%,62.2%,57.5%,20.35%,50.26%,26.5%,28.6%,22.5%,29.5%,71.4%,19.0%,.303,.312,13.48,.007
28,800321,R. Rodriguez,Raimy Rodriguez,Rodriguez,Raimy,P,Asheville Tourists,ASH,573,Asheville,afa,HOU,Fayetteville Woodpeckers,FAY,3712,Fayetteville,AFX,HOU,R,R,20.0,20,26,20,92.2,1589,415,5.4%,93.6,94.9,14.3,5.80,22.7%,17.6%,55.4%,44.6%,22.0%,55.7%,55.3%,27.14%,56.91%,26.4%,27.7%,19.8%,21.3%,72.3%,13.6%,.305,.305,5.61,.004
28,814136,C. Tejada,Clevari Tejada,Tejada,Clevari,P,Bradenton Marauders,BRD,3390,Bradenton,afx,PIT,Bradenton Marauders,BRD,3390,Bradenton,AFX,PIT,R,R,20.8,21,26,23,92.0,1474,394,1.8%,92.8,94.7,17.2,6.50,18.8%,10.2%,59.4%,45.7%,24.2%,58.9%,54.4%,21.31%,45.99%,24.4%,23.0%,12.6%,25.3%,77.0%,17.2%,.290,.311,6.54,.004
28,800616,C. Schoenwetter,Cole Schoenwetter,Schoenwetter,Cole,P,Dayton Dragons,DAY,459,Dayton,afa,CIN,Daytona Tortugas,DBT,450,Daytona,AFX,CIN,R,R,20.7,21,26,18,78.1,1404,358,42.1%,92.4,93.3,19.3,6.23,20.9%,16.8%,57.9%,46.2%,19.6%,55.3%,55.5%,19.27%,53.72%,24.9%,26.4%,18.6%,23.1%,73.6%,13.3%,.299,.330,11.04,.008
28,701370,J. Ortiz,JeanPierre Ortiz,Ortiz,JeanPierre,P,Dayton Dragons,DAY,459,Dayton,afa,CIN,Daytona Tortugas,DBT,450,Daytona,AFX,CIN,R,R,21.4,22,26,10,91.1,1446,382,53.9%,93.6,94.7,19.6,6.32,21.7%,8.6%,63.8%,54.1%,13.4%,62.3%,57.9%,19.50%,44.22%,29.3%,23.5%,17.3%,26.2%,76.5%,17.4%,.294,.296,11.25,.008
52,692294,L. Gutierrez,Luis Gutierrez,Gutierrez,Luis,P,San Antonio Missions,SA,510,San Antonio,aax,SD,El Paso Chihuahuas,ELP,4904,El Paso,AAA,SD,L,L,21.9,22,25,21,125.0,1960,527,9.6%,93.1,93.6,16.1,5.62,21.8%,8.3%,63.7%,49.6%,16.9%,60.2%,61.6%,22.06%,49.22%,26.7%,24.3%,17.6%,29.9%,75.7%,14.7%,.287,.287,15.80,.008
52,699071,C. Romero,Christian Romero,Romero,Christian,P,Oklahoma City Comets,OKC,238,Okla. City,aaa,LAD,Oklahoma City Comets,OKC,238,Okla. City,AAA,LAD,R,R,22.6,23,25,15,103.0,1717,443,12.7%,92.1,93.9,14.0,6.35,18.7%,8.1%,63.0%,52.0%,15.0%,61.4%,61.4%,14.12%,40.85%,26.7%,22.5%,17.8%,25.0%,77.5%,16.5%,.304,.310,9.27,.005
52,702281,R. Snelling,Robby Snelling,Snelling,Robby,P,Jacksonville Jumbo Shrimp,JAX,564,Jacksonville,aaa,MIA,Jacksonville Jumbo Shrimp,JAX,564,Jacksonville,AAA,MIA,R,L,21.5,22,25,25,136.0,2148,547,38.5%,94.5,95.2,18.1,6.11,30.3%,7.1%,66.5%,52.9%,13.0%,65.3%,64.5%,25.60%,53.39%,32.8%,30.5%,23.2%,29.0%,69.5%,15.9%,.245,.272,33.67,.016
52,702056,T. Yesavage,Trey Yesavage,Yesavage,Trey,P,Buffalo Bisons,BUF,422,Buffalo,aaa,TOR,Buffalo Bisons,BUF,422,Buffalo,AAA,TOR,R,R,21.9,22,25,22,98.0,1632,389,50.8%,94.2,95.0,22.7,5.90,41.1%,10.5%,64.8%,49.7%,17.0%,66.6%,61.5%,30.29%,66.51%,37.1%,42.6%,33.5%,32.1%,57.4%,14.9%,.211,.240,36.28,.022
52,696524,E. Yates,Evan Yates,Yates,Evan,P,Chesapeake Baysox,CHE,418,Chesapeake,aax,BAL,Norfolk Tides,NOR,568,Norfolk,AAA,BAL,R,R,22.8,23,25,13,92.2,1591,404,37.1%,91.2,92.0,19.1,6.53,26.5%,10.1%,62.3%,52.8%,15.2%,62.9%,62.9%,23.46%,53.16%,30.4%,30.7%,24.3%,24.3%,69.3%,15.6%,.263,.287,22.20,.014
52,692262,R. Gutierrez,Roque Gutierrez,Gutierrez,Roque,P,Tulsa Drillers,TUL,260,Tulsa,aax,LAD,Tulsa Drillers,TUL,260,Tulsa,AAX,LAD,R,R,22.8,23,25,12,94.0,1519,408,38.4%,93.5,94.5,19.8,5.46,25.2%,10.3%,63.1%,52.6%,15.1%,60.8%,62.4%,22.97%,54.36%,28.8%,31.4%,23.3%,27.2%,68.6%,14.3%,.303,.334,10.61,.007
52,699008,A. Kelly,Antwone Kelly,Kelly,Antwone,P,Indianapolis Indians,IND,484,Indianapolis,aaa,PIT,Altoona Curve,ALT,452,Altoona,AAX,PIT,R,R,21.8,22,25,25,107.1,1659,426,48.2%,97.1,98.5,17.8,6.24,27.2%,7.7%,65.5%,53.4%,12.6%,64.6%,61.5%,21.81%,54.49%,27.8%,27.2%,23.2%,27.9%,72.8%,17.4%,.266,.258,19.88,.012
52,700344,A. Ercolani,Alessandro Ercolani,Ercolani,Alessandro,P,,,,,,,Altoona Curve,ALT,452,Altoona,AAX,PIT,R,R,21.2,22,25,21,100.1,1584,434,54.4%,92.1,93.6,18.7,7.18,15.7%,9.0%,62.9%,55.2%,12.1%,60.4%,55.3%,16.58%,36.49%,26.3%,21.1%,17.0%,21.6%,78.9%,16.5%,.326,.311,2.35,.001
52,806522,I. Cota,Irving Cota,Cota,Irving,P,Brooklyn Cyclones,BRK,453,Brooklyn,afa,NYM,Brooklyn Cyclones,BRK,453,Brooklyn,AFA,NYM,R,R,21.4,22,25,12,98.2,1405,406,1.0%,93.1,93.0,10.5,5.78,20.9%,5.7%,66.8%,54.5%,15.7%,59.9%,64.0%,23.49%,48.98%,30.1%,25.6%,16.4%,32.2%,74.4%,14.3%,.282,.296,14.11,.010
52,703445,A. Serwinowski,Adam Serwinowski,Serwinowski,Adam,P,Tulsa Drillers,TUL,260,Tulsa,aax,LAD,Tulsa Drillers,TUL,260,Tulsa,AAX,LAD,L,L,21.1,21,25,24,111.2,1867,491,53.8%,93.9,95.2,18.1,6.71,28.5%,11.2%,62.8%,53.2%,15.3%,59.1%,58.2%,26.19%,60.64%,31.3%,31.4%,22.9%,26.1%,68.6%,15.2%,.281,.312,21.86,.012
52,801293,E. Yost,Eric Yost,Yost,Eric,P,San Antonio Missions,SA,510,San Antonio,aax,SD,San Antonio Missions,SA,510,San Antonio,AAX,SD,R,R,22.7,23,25,25,124.2,2002,543,18.1%,91.4,92.2,13.7,6.14,20.8%,11.0%,60.5%,51.2%,15.7%,57.8%,60.3%,22.62%,55.49%,27.2%,22.4%,14.3%,21.3%,77.6%,18.8%,.285,.306,15.34,.008
52,806046,A. Clemmey,Alex Clemmey,Clemmey,Alex,P,Harrisburg Senators,HBG,547,Harrisburg,aax,WSH,Harrisburg Senators,HBG,547,Harrisburg,AAX,WSH,L,L,20.0,20,25,25,116.2,2004,508,19.2%,93.8,95.0,16.9,6.44,26.8%,14.4%,60.8%,47.1%,16.8%,58.3%,56.1%,24.81%,59.00%,30.4%,31.1%,22.6%,28.0%,68.9%,16.3%,.273,.298,25.97,.013
52,695558,J. Santucci,Jonathan Santucci,Santucci,Jonathan,P,Binghamton Rumble Ponies,BNG,505,Binghamton,aax,NYM,Binghamton Rumble Ponies,BNG,505,Binghamton,AAX,NYM,L,L,22.5,23,25,23,117.2,1839,481,46.1%,93.6,94.9,19.3,6.58,28.7%,8.5%,64.6%,51.1%,14.9%,62.6%,61.2%,26.89%,53.85%,32.8%,35.1%,24.6%,30.1%,64.9%,10.8%,.256,.278,28.97,.016
52,701836,K. Robinson,Kyle Robinson,Robinson,Kyle,P,Lansing Lugnuts,LAN,499,Lansing,afa,ATH,Lansing Lugnuts,LAN,499,Lansing,AFA,ATH,R,R,22.0,22,25,20,121.0,1955,524,50.6%,93.1,94.3,19.2,6.00,16.6%,10.1%,63.2%,54.0%,13.6%,64.1%,61.7%,14.80%,46.79%,25.4%,21.9%,15.9%,24.3%,78.1%,17.6%,.312,.328,11.72,.006
52,699309,J. Díaz,Joel Díaz,Díaz,Joel,P,Brooklyn Cyclones,BRK,453,Brooklyn,afa,NYM,Brooklyn Cyclones,BRK,453,Brooklyn,AFA,NYM,R,R,21.3,22,25,18,106.2,1591,448,14.4%,91.8,92.2,16.7,5.95,21.9%,5.6%,66.4%,52.3%,12.3%,65.0%,61.2%,22.52%,48.21%,28.5%,27.5%,20.5%,28.5%,72.5%,16.0%,.278,.297,15.02,.009
52,692401,G. Salas,Gerardo Salas,Salas,Gerardo,P,Peoria Chiefs,PEO,443,Peoria,afa,STL,Peoria Chiefs,PEO,443,Peoria,AFA,STL,R,R,22.4,23,25,19,96.2,1756,444,44.1%,93.2,94.3,19.9,5.70,20.3%,8.8%,61.7%,48.0%,17.3%,56.5%,58.7%,19.41%,47.06%,24.3%,25.5%,18.9%,29.1%,74.5%,15.1%,.343,.404,-4.75,-.003
52,698982,R. Castillo,Rayner Castillo,Castillo,Rayner,P,West Michigan Whitecaps,WM,582,West Michigan,afa,DET,West Michigan Whitecaps,WM,582,West Michigan,AFA,DET,R,R,21.0,21,25,23,98.2,1700,432,9.4%,93.3,94.5,15.5,6.36,18.5%,10.6%,62.0%,51.5%,14.7%,59.3%,64.0%,14.70%,44.83%,26.3%,21.9%,17.5%,22.1%,78.1%,15.9%,.331,.329,-1.71,-.001
52,802105,Y. Santos,Yeriel Santos,Santos,Yeriel,P,Asheville Tourists,ASH,573,Asheville,afa,HOU,Asheville Tourists,ASH,573,Asheville,AFA,HOU,R,R,21.6,22,25,15,92.2,1757,450,31.7%,93.0,93.9,17.3,5.94,18.9%,14.0%,58.5%,47.5%,18.2%,53.3%,53.7%,18.30%,47.95%,25.8%,24.8%,17.1%,22.5%,75.2%,17.8%,.336,.373,-3.30,-.002
52,800045,A. Cruz,Anthony Cruz,Cruz,Anthony,P,Asheville Tourists,ASH,573,Asheville,afa,HOU,Asheville Tourists,ASH,573,Asheville,AFA,HOU,R,R,22.9,23,25,11,103.1,1724,448,32.9%,91.8,92.7,15.9,5.42,23.2%,11.8%,60.3%,48.1%,19.4%,59.6%,55.6%,21.03%,51.55%,27.8%,28.3%,21.1%,23.6%,71.7%,17.9%,.307,.309,5.24,.003
52,804541,G. Gill Hill,Gary Gill Hill,Gill Hill,Gary,P,Bowling Green Hot Rods,BG,2498,Bowling Green,afa,TB,Bowling Green Hot Rods,BG,2498,Bowling Green,AFA,TB,R,R,20.8,21,25,25,136.2,1930,569,12.0%,93.8,94.6,13.9,6.17,18.8%,5.3%,68.4%,59.0%,10.5%,67.1%,69.1%,18.73%,42.06%,27.3%,20.5%,15.0%,25.2%,79.5%,18.9%,.307,.306,10.54,.005
52,812160,L. Rodriguez,Luis Rodriguez,Rodriguez,Luis,P,Asheville Tourists,ASH,573,Asheville,afa,HOU,Asheville Tourists,ASH,573,Asheville,AFA,HOU,R,R,21.5,22,25,13,105.1,1677,455,19.0%,88.5,89.4,16.1,6.56,19.6%,11.0%,62.4%,51.1%,17.0%,59.8%,60.1%,17.21%,45.34%,26.4%,24.5%,21.1%,24.7%,75.5%,12.4%,.296,.313,14.85,.009
52,814507,S. Patick,Sterling Patick,Patick,Sterling,P,Great Lakes Loons,GL,456,Great Lakes,afa,LAD,Great Lakes Loons,GL,456,Great Lakes,AFA,LAD,L,L,20.1,20,25,21,92.1,1498,402,49.3%,93.2,94.4,14.6,6.11,26.9%,9.7%,62.6%,47.5%,17.5%,60.4%,61.0%,27.36%,63.16%,28.6%,29.7%,18.5%,29.0%,70.3%,14.8%,.275,.308,13.63,.009
52,804670,R. Birchard,Ryan Birchard,Birchard,Ryan,P,Biloxi Shuckers,BLX,5015,Biloxi,aax,MIL,Wisconsin Timber Rattlers,WIS,572,Wisconsin,AFA,MIL,L,R,22.0,22,25,22,103.2,1869,451,41.0%,92.2,93.1,22.3,6.56,26.8%,16.2%,57.7%,47.7%,16.1%,56.3%,52.8%,23.44%,57.14%,31.4%,36.1%,29.3%,23.1%,63.9%,10.8%,.281,.280,22.23,.012
52,683363,M. Wilkinson,Matt Wilkinson,Wilkinson,Matt,P,Akron RubberDucks,AKR,402,Akron,aax,CLE,Lake County Captains,LC,437,Lake County,AFA,CLE,R,L,22.6,23,25,25,104.0,1878,447,6.4%,90.0,90.7,17.9,6.61,26.2%,10.1%,60.3%,49.4%,16.3%,54.1%,57.9%,22.22%,54.66%,28.3%,28.0%,20.1%,24.5%,72.0%,13.1%,.268,.318,17.73,.009
52,802418,C. Holcombe,Colby Holcombe,Holcombe,Colby,P,,,,,,,Vancouver Canadians,VAN,435,Vancouver,AFA,TOR,R,R,22.6,23,25,15,75.0,1316,343,64.6%,93.4,94.8,19.7,6.64,20.4%,13.1%,62.0%,51.4%,18.7%,56.9%,57.6%,16.58%,49.14%,26.4%,23.3%,18.7%,22.0%,76.7%,16.2%,.312,.344,4.39,.003
52,695605,T. Smith,Travis Smith,Smith,Travis,P,Wisconsin Timber Rattlers,WIS,572,Wisconsin,afa,MIL,Wisconsin Timber Rattlers,WIS,572,Wisconsin,AFA,MIL,R,R,22.6,23,25,25,102.1,1490,420,19.7%,93.2,94.5,11.9,6.00,17.4%,6.9%,63.8%,53.0%,14.6%,60.5%,60.1%,15.50%,46.97%,24.4%,19.6%,13.6%,25.4%,80.4%,12.3%,.264,.287,19.13,.013
52,701178,R. Schlesinger,Rafe Schlesinger,Schlesinger,Rafe,P,Lake County Captains,LC,437,Lake County,afa,CLE,Lake County Captains,LC,437,Lake County,AFA,CLE,L,L,22.4,23,25,19,103.2,1730,444,1.1%,92.8,93.8,13.8,6.63,25.2%,9.7%,64.0%,54.0%,14.3%,59.0%,62.6%,21.69%,49.20%,29.6%,24.6%,20.8%,25.0%,75.4%,11.4%,.277,.296,18.27,.011
52,827110,A. Cates,Austin Cates,Cates,Austin,P,Vancouver Canadians,VAN,435,Vancouver,afa,TOR,Vancouver Canadians,VAN,435,Vancouver,AFA,TOR,L,R,22.1,22,25,23,109.2,1731,430,48.0%,91.9,92.9,22.4,5.99,26.3%,7.7%,65.6%,49.3%,18.1%,68.1%,63.9%,19.43%,47.87%,29.9%,27.4%,20.9%,31.9%,72.6%,19.9%,.277,.265,16.00,.009
52,804698,B. Decker,Brandon Decker,Decker,Brandon,P,Hudson Valley Renegades,HV,537,Hudson Valley,afa,NYY,Hudson Valley Renegades,HV,537,Hudson Valley,AFA,NYY,R,R,23.0,23,25,17,84.2,1457,379,13.4%,91.2,92.0,14.5,6.58,24.3%,11.1%,61.0%,46.1%,23.2%,60.9%,61.5%,18.64%,55.20%,28.9%,28.9%,23.7%,29.5%,71.1%,11.6%,.299,.294,13.91,.010
52,801078,B. Davis,Braden Davis,Davis,Braden,P,Springfield Cardinals,SPR,440,Springfield,aax,STL,Peoria Chiefs,PEO,443,Peoria,AFA,STL,L,L,22.2,23,25,22,110.1,1918,453,30.0%,92.3,93.5,19.3,5.44,33.8%,16.6%,58.9%,44.4%,22.7%,56.1%,57.5%,28.68%,62.05%,33.9%,41.4%,34.3%,26.4%,58.6%,10.9%,.248,.264,31.24,.016
52,695482,C. Allsup,Chase Allsup,Allsup,Chase,P,,,,,,,Aberdeen IronBirds,ABD,488,Aberdeen,AFA,BAL,R,R,22.2,23,25,23,99.2,1795,456,46.4%,95.8,97.0,17.7,6.15,22.4%,15.8%,58.8%,46.9%,17.3%,55.7%,55.2%,18.22%,53.37%,29.5%,31.3%,24.5%,25.0%,68.7%,15.2%,.316,.322,10.21,.006
52,800292,M. Hernández,Melkis Hernández,Hernández,Melkis,P,Lake County Captains,LC,437,Lake County,afa,CLE,Hill City Howlers,HC,481,Hill City,AFX,CLE,L,L,20.4,21,25,21,113.2,1849,472,26.4%,91.0,91.7,14.8,6.04,24.6%,10.8%,60.9%,47.1%,19.1%,57.4%,56.1%,25.00%,51.69%,30.6%,32.2%,21.4%,25.8%,67.8%,15.2%,.285,.304,14.85,.008
52,808010,J. Ogando,Joan Ogando,Ogando,Joan,P,Asheville Tourists,ASH,573,Asheville,afa,HOU,Fayetteville Woodpeckers,FAY,3712,Fayetteville,AFX,HOU,R,R,21.1,21,25,13,95.0,1627,416,34.4%,92.5,93.6,17.2,7.01,27.2%,16.6%,56.1%,43.2%,24.6%,55.3%,49.1%,27.72%,63.12%,29.8%,35.9%,25.8%,23.7%,64.1%,16.1%,.295,.293,10.57,.006
52,805812,D. Questad,Dylan Questad,Questad,Dylan,P,,,,,,,Fort Myers Mighty Mussels,FTM,509,Fort Myers,AFX,MIN,R,R,20.7,21,25,11,74.2,1392,350,39.3%,92.6,93.3,18.2,6.45,23.7%,17.7%,56.6%,42.9%,26.1%,51.7%,55.7%,22.79%,61.05%,25.8%,27.4%,18.6%,23.9%,72.6%,21.2%,.327,.341,0.79,.001
52,702023,S. Stuhr,Sam Stuhr,Stuhr,Sam,P,Stockton Ports,STK,524,Stockton,afx,ATH,Stockton Ports,STK,524,Stockton,AFX,ATH,R,R,22.9,23,25,16,95.2,1679,440,46.6%,92.3,93.4,19.4,5.86,20.9%,10.7%,59.6%,46.8%,16.9%,55.7%,58.3%,18.30%,51.41%,27.1%,26.1%,19.5%,25.1%,73.9%,12.9%,.330,.358,-2.81,-.002
52,803021,P. Olejnik,Peyton Olejnik,Olejnik,Peyton,P,Tri-City Dust Devils,TRI,460,Tri-City,afa,LAA,Inland Empire 66ers,IE,401,Inland Empire,AFX,LAA,L,R,22.6,23,25,25,128.2,2187,562,46.2%,92.6,93.7,16.3,6.50,23.1%,11.2%,62.7%,52.8%,13.8%,59.1%,57.2%,20.97%,48.82%,28.5%,28.4%,24.9%,26.1%,71.6%,14.5%,.294,.316,23.86,.011
88,696149,B. Chandler,Bubba Chandler,Chandler,Bubba,P,Pittsburgh Pirates,PIT,134,Pittsburgh,mlb,PIT,Indianapolis Indians,IND,484,Indianapolis,AAA,PIT,S,R,22.8,23,24,24,100.0,1837,442,54.7%,97.8,99.1,19.2,6.64,27.4%,12.0%,62.2%,47.6%,17.7%,57.7%,55.8%,19.22%,53.68%,30.7%,31.5%,22.9%,27.3%,68.5%,17.8%,.288,.323,16.26,.009
88,695667,B. Kudrna,Ben Kudrna,Kudrna,Ben,P,Kansas City Royals,KC,118,Kansas City,mlb,KC,Omaha Storm Chasers,OMA,541,Omaha,AAA,KC,R,R,22.4,23,24,22,105.1,1810,463,35.6%,92.9,94.0,18.1,6.29,22.9%,10.8%,61.2%,46.8%,18.9%,59.8%,57.4%,19.16%,49.69%,28.0%,28.5%,17.5%,26.2%,71.5%,17.3%,.288,.329,11.16,.006
88,828511,M. Caldon,Michael Caldon,Caldon,Michael,P,Frederick Keys,FRE,493,Frederick,afa,BAL,Norfolk Tides,NOR,568,Norfolk,AAA,BAL,R,R,22.7,23,24,11,82.2,1413,359,38.1%,91.4,92.4,19.2,6.57,24.2%,11.4%,62.1%,49.6%,17.2%,62.7%,59.4%,24.31%,52.21%,27.5%,26.1%,17.6%,26.0%,73.9%,13.0%,.269,.274,18.05,.013
88,691576,A. Hidalgo,Alejandro Hidalgo,Hidalgo,Alejandro,P,Wichita Wind Surge,WCH,3898,Wichita,aax,MIN,Wichita Wind Surge,WCH,3898,Wichita,AAX,MIN,R,R,22.1,22,24,24,84.2,1526,387,44.2%,94.2,95.0,19.9,5.99,25.6%,11.9%,64.2%,53.6%,12.1%,60.7%,61.8%,20.77%,53.46%,29.4%,31.9%,26.8%,28.8%,68.1%,15.5%,.323,.351,11.86,.008
88,683352,M. Bratt,Mitch Bratt,Bratt,Mitch,P,Reno Aces,RNO,2310,Reno,aaa,AZ,Amarillo Sod Poodles,AMA,5368,Amarillo,AAX,AZ,L,L,22.0,22,24,23,122.1,1884,505,41.7%,91.7,92.8,16.1,5.87,29.3%,4.2%,68.7%,58.4%,10.8%,69.3%,68.0%,22.96%,55.70%,32.7%,29.3%,23.0%,28.2%,70.7%,18.4%,.287,.318,14.89,.008
88,700924,F. Mozzicato,Frank Mozzicato,Mozzicato,Frank,P,Northwest Arkansas Naturals,NWA,1350,NW Arkansas,aax,KC,Northwest Arkansas Naturals,NWA,1350,NW Arkansas,AAX,KC,L,L,22.0,22,24,20,93.0,1636,419,54.7%,90.5,91.6,20.1,6.02,20.3%,17.9%,55.3%,44.1%,21.3%,54.4%,51.2%,22.61%,54.47%,24.9%,28.2%,18.4%,22.6%,71.8%,16.4%,.338,.339,-4.07,-.002
88,801739,C. Lagrange,Carlos Lagrange,Lagrange,Carlos,P,Scranton/Wilkes-Barre RailRiders,SWB,531,Scranton/WB,aaa,NYY,Somerset Patriots,SOM,1956,Somerset,AAX,NYY,R,R,22.1,22,24,23,120.0,2045,503,31.8%,98.0,99.4,19.6,5.97,33.4%,12.3%,63.2%,50.8%,14.7%,62.0%,57.5%,28.21%,59.00%,33.9%,36.2%,27.7%,27.0%,63.8%,13.3%,.261,.276,29.58,.014
88,691776,J. Hartle,Josh Hartle,Hartle,Josh,P,Akron RubberDucks,AKR,402,Akron,aax,CLE,Akron RubberDucks,AKR,402,Akron,AAX,CLE,L,L,22.3,23,24,24,113.1,1731,459,29.6%,91.4,92.6,10.1,6.44,23.3%,8.5%,63.8%,50.6%,15.1%,66.2%,60.7%,22.99%,49.70%,28.1%,25.9%,18.2%,28.0%,74.1%,11.9%,.259,.263,24.20,.014
88,800600,J. Kent,Jackson Kent,Kent,Jackson,P,Harrisburg Senators,HBG,547,Harrisburg,aax,WSH,Harrisburg Senators,HBG,547,Harrisburg,AAX,WSH,L,L,22.4,23,24,24,123.0,1918,509,27.5%,92.2,93.1,18.3,6.86,25.9%,7.5%,63.2%,49.8%,15.0%,60.5%,58.6%,26.32%,56.41%,30.2%,31.2%,21.1%,27.8%,68.8%,16.7%,.281,.304,15.80,.008
88,801594,R. Gallagher,Ryan Gallagher,Gallagher,Ryan,P,Wichita Wind Surge,WCH,3898,Wichita,aax,MIN,Wichita Wind Surge,WCH,3898,Wichita,AAX,MIN,L,R,22.4,23,24,24,121.2,1987,509,51.9%,92.0,93.0,22.1,6.09,26.1%,5.9%,66.9%,52.6%,13.8%,66.8%,63.5%,20.06%,51.83%,29.8%,31.2%,22.8%,33.1%,68.8%,16.3%,.279,.303,24.21,.012
88,697795,I. Agreda,Ismael Agreda,Agreda,Ismael,P,Hub City Spartanburgers,HCS,6324,Hub City,afa,TEX,Hub City Spartanburgers,HCS,6324,Hub City,AFA,TEX,R,R,21.7,22,24,19,85.1,1424,350,61.7%,96.4,97.9,19.2,5.73,27.7%,12.9%,58.1%,47.1%,18.5%,59.7%,52.7%,24.62%,60.15%,28.4%,30.4%,19.9%,23.6%,69.6%,12.7%,.262,.242,15.27,.011
88,692369,J. Davila,José Davila,Davila,José,P,,,,,,,Peoria Chiefs,PEO,443,Peoria,AFA,STL,R,R,22.6,23,24,22,98.0,1714,453,33.2%,95.1,96.2,18.0,6.13,19.4%,11.0%,59.4%,48.5%,16.9%,53.6%,57.6%,21.33%,43.14%,25.9%,25.4%,17.2%,25.1%,74.6%,14.3%,.317,.367,4.81,.003
88,805699,Y. Cartaya,Yeiber Cartaya,Cartaya,Yeiber,P,Frederick Keys,FRE,493,Frederick,afa,BAL,Aberdeen IronBirds,ABD,488,Aberdeen,AFA,BAL,R,R,22.4,23,24,16,98.1,1747,436,5.8%,94.4,95.0,15.5,5.92,26.8%,14.9%,58.6%,47.7%,18.3%,56.9%,49.5%,23.21%,57.93%,29.4%,31.1%,25.3%,24.7%,68.9%,14.3%,.287,.275,17.08,.010
88,805982,D. Nunez,Daniel Nunez,Nunez,Daniel,P,ACL D-backs,A-DBA,1991,ACL D-backs,rok,AZ,Hillsboro Hops,HIL,419,Hillsboro,AFA,AZ,R,R,22.3,23,24,15,78.0,1395,364,17.9%,91.2,91.6,17.6,5.78,15.7%,8.8%,62.3%,50.6%,14.3%,58.5%,58.2%,15.85%,31.91%,25.6%,21.5%,14.8%,25.0%,78.5%,22.6%,.353,.371,-7.40,-.005
88,695761,K. Huggins,Kenya Huggins,Huggins,Kenya,P,Midland RockHounds,MID,237,Midland,aax,ATH,Lansing Lugnuts,LAN,499,Lansing,AFA,ATH,R,R,22.6,23,24,21,78.0,1124,317,56.2%,94.0,95.5,18.8,6.90,22.7%,10.1%,64.7%,56.0%,10.7%,61.2%,62.1%,25.00%,52.10%,25.4%,25.8%,19.8%,26.8%,74.2%,14.1%,.274,.282,18.02,.016
88,807962,C. Castillo,Carlos Castillo,Castillo,Carlos,P,Greensboro Grasshoppers,GBO,477,Greensboro,afa,PIT,Greensboro Grasshoppers,GBO,477,Greensboro,AFA,PIT,R,R,19.4,20,24,20,95.0,1470,391,1.1%,92.3,93.2,13.5,5.59,19.4%,8.4%,62.6%,50.9%,20.4%,58.1%,56.6%,20.10%,46.15%,26.3%,21.5%,12.8%,25.6%,78.5%,10.6%,.293,.301,8.53,.006
88,809223,T. Sha,Tzu-Chen Sha,Sha,Tzu-Chen,P,Lansing Lugnuts,LAN,499,Lansing,afa,ATH,Lansing Lugnuts,LAN,499,Lansing,AFA,ATH,R,R,21.7,22,24,17,99.2,1592,427,36.5%,91.4,92.4,17.6,5.75,20.4%,7.0%,64.6%,54.1%,12.8%,60.2%,59.2%,17.90%,43.83%,26.9%,21.6%,16.9%,26.1%,78.4%,21.0%,.303,.316,7.64,.005
88,695569,L. Hayden,Luke Hayden,Hayden,Luke,P,Dayton Dragons,DAY,459,Dayton,afa,CIN,Dayton Dragons,DAY,459,Dayton,AFA,CIN,R,R,22.6,23,24,24,101.1,1784,449,45.7%,94.4,95.4,17.6,6.46,17.6%,16.0%,55.7%,48.7%,21.2%,56.6%,52.3%,18.93%,44.53%,25.4%,26.4%,18.8%,17.5%,73.6%,15.5%,.332,.319,0.97,.001
88,800295,N. Ynfante,Nelfy Ynfante,Ynfante,Nelfy,P,Springfield Cardinals,SPR,440,Springfield,aax,STL,Palm Beach Cardinals,PMB,279,Palm Beach,AFX,STL,R,R,20.4,21,24,13,90.0,1571,409,22.6%,91.5,92.3,16.4,6.56,20.3%,10.8%,62.1%,48.3%,19.1%,58.4%,58.7%,18.50%,48.51%,26.0%,21.7%,14.8%,24.7%,78.3%,16.8%,.311,.339,3.11,.002
88,800320,L. Sequera,Leonel Sequera,Sequera,Leonel,P,Peoria Chiefs,PEO,443,Peoria,afa,STL,Palm Beach Cardinals,PMB,279,Palm Beach,AFX,STL,R,R,19.9,20,24,24,108.0,1714,473,35.7%,93.3,94.6,16.4,6.75,20.9%,8.7%,62.0%,51.0%,22.2%,61.3%,59.4%,19.84%,53.50%,27.3%,24.4%,13.4%,24.7%,75.6%,11.3%,.274,.306,15.73,.009
88,805067,J. Jean,Jefferson Jean,Jean,Jefferson,P,,,,,,,Stockton Ports,STK,524,Stockton,AFX,ATH,R,R,20.4,21,24,20,87.0,1621,411,5.9%,94.4,95.1,13.9,6.20,22.9%,14.6%,56.9%,44.4%,19.6%,52.6%,55.0%,26.26%,52.48%,27.9%,30.0%,24.2%,25.2%,70.0%,9.3%,.307,.341,7.15,.004
88,805074,Y. Marte,Yunior Marte,Marte,Yunior,P,Eugene Emeralds,EUG,461,Eugene,afa,SF,San Jose Giants,SJ,476,San Jose,AFX,SF,R,R,21.9,22,24,22,102.0,1525,403,50.4%,93.4,94.9,19.8,6.75,23.8%,7.2%,65.6%,52.9%,14.4%,70.0%,59.9%,22.64%,50.32%,28.4%,29.7%,24.0%,27.5%,70.3%,14.4%,.255,.252,23.89,.016
88,808329,M. Hernandez,Melvin Hernandez,Hernandez,Melvin,P,,,,,,,Wilson Warbirds,WIL,249,Wilson,AFX,MIL,R,R,19.0,19,24,17,121.2,1801,487,0.3%,89.9,90.1,7.4,5.29,19.9%,4.5%,63.7%,51.5%,16.4%,63.4%,59.6%,16.48%,48.57%,27.7%,25.1%,20.3%,24.1%,74.9%,13.5%,.263,.256,19.35,.011
111,801179,Y. Lin,Yu-Min Lin,Lin,Yu-Min,P,Reno Aces,RNO,2310,Reno,aaa,AZ,Reno Aces,RNO,2310,Reno,AAA,AZ,L,L,22.0,22,23,23,101.2,1851,481,30.1%,91.0,91.9,10.5,6.34,17.7%,12.5%,59.3%,46.5%,20.2%,57.2%,52.4%,18.04%,43.03%,26.5%,23.5%,13.3%,23.9%,76.5%,15.2%,.368,.390,-15.15,-.008
111,806960,L. Morales,Luis Morales,Morales,Luis,P,Las Vegas Aviators,LV,400,Las Vegas,aaa,ATH,Las Vegas Aviators,LV,400,Las Vegas,AAA,ATH,R,R,22.8,23,23,14,89.1,1460,366,54.6%,96.7,97.8,16.4,6.01,29.2%,9.6%,61.0%,48.7%,18.6%,60.1%,59.6%,27.60%,59.31%,30.5%,30.6%,18.3%,26.3%,69.4%,16.4%,.288,.285,7.65,.005
111,692013,H. Baez,Henry Baez,Baez,Henry,P,Athletics,ATH,133,Athletics,mlb,ATH,Midland RockHounds,MID,237,Midland,AAX,ATH,R,R,22.7,23,23,23,109.0,1691,436,24.4%,94.6,96.2,15.6,6.14,22.9%,8.0%,63.7%,53.0%,14.9%,64.0%,62.0%,20.90%,48.13%,27.5%,22.9%,14.7%,24.8%,77.1%,11.8%,.264,.255,18.92,.011
111,699314,D. Davalillo,David Davalillo,Davalillo,David,P,Frisco RoughRiders,FRI,540,Frisco,aax,TEX,Frisco RoughRiders,FRI,540,Frisco,AAX,TEX,R,R,22.8,23,23,22,107.0,1589,426,14.4%,93.8,94.3,13.5,6.05,29.6%,6.6%,64.3%,48.5%,18.7%,66.4%,59.0%,29.36%,59.34%,30.9%,30.7%,18.8%,30.1%,69.3%,16.4%,.261,.242,14.73,.009
111,806583,A. Perez,Adonys Perez,Perez,Adonys,P,Hillsboro Hops,HIL,419,Hillsboro,afa,AZ,Amarillo Sod Poodles,AMA,5368,Amarillo,AAX,AZ,L,L,21.7,22,23,13,90.2,1518,422,1.8%,90.9,91.3,10.1,4.83,15.9%,8.5%,61.5%,50.1%,16.9%,55.7%,57.6%,18.45%,43.18%,26.3%,24.1%,15.9%,24.7%,75.9%,13.8%,.352,.362,-7.48,-.005
111,702571,J. Miller,Jacob Miller,Miller,Jacob,P,Pensacola Blue Wahoos,PNS,4124,Pensacola,aax,MIA,Pensacola Blue Wahoos,PNS,4124,Pensacola,AAX,MIA,R,R,21.9,22,23,22,117.2,1994,514,9.9%,92.6,93.1,13.5,5.96,21.4%,10.9%,60.9%,48.2%,17.1%,59.1%,59.1%,22.52%,46.81%,27.9%,28.7%,19.4%,27.3%,71.3%,14.2%,.293,.302,15.49,.008
111,801643,O. Wild,Owen Wild,Wild,Owen,P,Montgomery Biscuits,MTG,421,Montgomery,aax,TB,Montgomery Biscuits,MTG,421,Montgomery,AAX,TB,R,R,22.9,23,23,23,105.0,1664,446,54.8%,92.2,93.6,20.3,6.89,21.5%,8.7%,65.8%,55.2%,12.1%,66.8%,65.1%,20.14%,46.37%,27.1%,25.6%,19.7%,29.0%,74.4%,21.0%,.306,.324,13.45,.008
111,811666,D. Eagen,Daniel Eagen,Eagen,Daniel,P,Amarillo Sod Poodles,AMA,5368,Amarillo,aax,AZ,Amarillo Sod Poodles,AMA,5368,Amarillo,AAX,AZ,R,R,22.6,23,23,23,117.1,1851,472,45.6%,93.2,94.0,21.1,6.12,32.4%,11.0%,63.4%,50.5%,16.2%,65.9%,60.8%,25.76%,60.55%,33.4%,35.9%,26.2%,28.6%,64.1%,11.7%,.267,.269,23.62,.013
111,827292,J. Holobetz,John Holobetz,Holobetz,John,P,Portland Sea Dogs,POR,546,Portland,aax,BOS,Portland Sea Dogs,POR,546,Portland,AAX,BOS,R,R,22.9,23,23,19,124.2,1810,499,29.2%,93.6,94.8,18.9,6.51,24.0%,4.0%,68.7%,57.3%,11.0%,67.9%,65.7%,21.29%,50.49%,29.9%,24.8%,19.6%,25.5%,75.2%,14.2%,.278,.270,14.72,.008
111,695769,D. McCarty,D.J. McCarty,McCarty,D.J.,P,Hub City Spartanburgers,HCS,6324,Hub City,afa,TEX,Hub City Spartanburgers,HCS,6324,Hub City,AFA,TEX,R,R,22.8,23,23,17,87.2,1607,410,9.6%,93.3,93.4,13.2,5.36,23.9%,12.7%,61.2%,47.9%,20.4%,55.9%,56.8%,26.48%,48.21%,27.9%,25.4%,17.8%,25.8%,74.6%,8.4%,.314,.340,6.19,.004
111,700357,J. Rojas,Juan Rojas,Rojas,Juan,P,Frederick Keys,FRE,493,Frederick,afa,BAL,Aberdeen IronBirds,ABD,488,Aberdeen,AFA,BAL,L,L,21.4,22,23,14,85.1,1500,390,4.7%,89.6,90.9,17.2,6.16,17.9%,10.5%,62.7%,51.4%,17.5%,58.7%,59.2%,18.01%,39.58%,26.6%,26.8%,17.8%,24.6%,73.2%,14.8%,.304,.328,12.34,.008
111,800017,J. Montero,Jose Montero,Montero,Jose,P,Chattanooga Lookouts,CHA,498,Chattanooga,aax,CIN,Dayton Dragons,DAY,459,Dayton,AFA,CIN,R,R,22.0,22,23,23,103.0,1622,445,3.1%,93.3,93.9,10.0,5.90,19.6%,9.7%,61.0%,49.8%,14.4%,57.8%,60.3%,20.28%,47.10%,26.6%,26.7%,17.0%,26.9%,73.3%,15.2%,.295,.305,11.90,.007
111,800286,W. Aracena,Wellington Aracena,Aracena,Wellington,P,Hillsboro Hops,HIL,419,Hillsboro,afa,AZ,Aberdeen IronBirds,ABD,488,Aberdeen,AFA,BAL,R,R,20.5,21,23,14,92.0,1487,376,39.8%,97.0,98.3,15.7,5.94,30.3%,13.6%,60.1%,45.8%,20.0%,60.1%,50.9%,31.77%,65.97%,32.1%,35.7%,22.4%,25.2%,64.3%,11.6%,.237,.222,25.24,.017
111,800324,L. Cohen,Luis Cohen,Cohen,Luis,P,Greenville Drive,GVL,428,Greenville,afa,BOS,Greenville Drive,GVL,428,Greenville,AFA,BOS,R,R,22.1,22,23,14,91.0,1426,390,33.9%,93.9,94.8,17.8,6.43,17.4%,8.5%,64.3%,51.5%,14.2%,63.3%,64.5%,16.59%,40.71%,27.1%,24.8%,17.8%,24.7%,75.2%,15.5%,.271,.312,19.27,.014
111,701056,J. Grosz,Josh Grosz,Grosz,Josh,P,Amarillo Sod Poodles,AMA,5368,Amarillo,aax,AZ,Spokane Indians,SPO,486,Spokane,AFA,COL,R,R,22.8,23,23,22,125.1,2004,535,2.7%,95.0,95.1,15.6,5.94,25.2%,10.3%,63.8%,52.8%,14.6%,62.8%,60.5%,20.68%,54.00%,30.1%,27.4%,19.0%,23.7%,72.6%,17.8%,.288,.316,16.90,.008
111,815580,W. Varmette,Will Varmette,Varmette,Will,P,Fort Wayne TinCaps,FW,584,Fort Wayne,afa,SD,Fort Wayne TinCaps,FW,584,Fort Wayne,AFA,SD,R,R,22.3,23,23,15,79.0,1407,348,28.1%,91.2,92.8,16.8,6.33,20.4%,11.8%,60.8%,48.5%,15.7%,57.8%,54.3%,14.59%,43.31%,25.8%,24.2%,19.8%,22.8%,75.8%,15.9%,.305,.343,7.08,.005
111,803833,G. Baumann,Garrett Baumann,Baumann,Garrett,P,Columbus Clingstones,COL,6325,Columbus,aax,ATL,Rome Emperors,ROM,432,Rome,AFA,ATL,L,R,20.9,21,23,23,113.2,1887,481,44.5%,95.2,96.6,16.9,6.77,22.5%,6.4%,65.7%,53.5%,12.5%,64.0%,65.1%,18.58%,48.89%,26.2%,23.5%,18.0%,27.1%,76.5%,15.3%,.281,.293,17.40,.009
111,695620,J. Randall,Josh Randall,Randall,Josh,P,Wilmington Blue Rocks,WIL,426,Wilmington,afa,WSH,Wilmington Blue Rocks,WIL,426,Wilmington,AFA,WSH,R,R,22.7,23,23,23,109.2,1669,480,26.7%,94.2,95.2,14.5,6.33,20.0%,4.2%,69.5%,57.0%,13.4%,65.6%,68.9%,16.27%,45.21%,27.4%,23.0%,16.6%,31.3%,77.0%,15.2%,.276,.318,20.39,.012
111,702296,N. Dohm,Nate Dohm,Dohm,Nate,P,Peoria Chiefs,PEO,443,Peoria,afa,STL,Peoria Chiefs,PEO,443,Peoria,AFA,STL,R,R,22.5,23,23,22,75.0,1285,323,52.4%,93.4,95.0,20.3,6.67,27.9%,9.9%,62.3%,49.8%,18.4%,61.0%,57.9%,23.00%,58.46%,28.5%,28.6%,21.8%,26.8%,71.4%,20.0%,.274,.304,10.46,.008
111,702622,G. Herring,Griffin Herring,Herring,Griffin,P,ACL Rockies,A-RCK,1994,ACL Rockies,rok,COL,Spokane Indians,SPO,486,Spokane,AFA,COL,R,L,22.2,22,23,23,119.1,1874,474,28.5%,90.2,90.9,20.2,6.85,31.4%,10.3%,62.3%,48.0%,18.0%,61.2%,55.4%,30.83%,61.42%,32.0%,33.6%,23.2%,27.3%,66.4%,15.2%,.224,.242,37.75,.020
111,695766,M. Molina,Mason Molina,Molina,Mason,P,Springfield Cardinals,SPR,440,Springfield,aax,STL,Peoria Chiefs,PEO,443,Peoria,AFA,STL,R,L,22.0,22,23,22,95.2,1565,395,41.5%,91.7,92.7,21.4,6.24,30.1%,10.9%,62.9%,49.8%,17.6%,61.3%,57.4%,24.77%,57.65%,32.7%,35.0%,26.8%,27.9%,65.0%,12.2%,.244,.283,28.22,.018
111,814384,A. Meckley,Alexander Meckley,Meckley,Alexander,P,Fredericksburg Nationals,FBG,436,Fredericksburg,afx,WSH,Wilmington Blue Rocks,WIL,426,Wilmington,AFA,WSH,R,R,22.0,22,23,22,102.1,1722,453,55.6%,91.7,93.6,17.6,6.20,19.6%,10.8%,61.7%,51.7%,14.1%,57.6%,62.4%,21.19%,44.44%,24.2%,20.3%,14.0%,26.4%,79.7%,11.8%,.296,.318,12.80,.007
111,820832,B. Aita,Blake Aita,Aita,Blake,P,Peoria Chiefs,PEO,443,Peoria,afa,STL,Greenville Drive,GVL,428,Greenville,AFA,BOS,R,R,22.1,22,23,19,115.1,1663,463,25.3%,92.8,93.3,16.9,6.24,21.4%,6.5%,64.9%,52.8%,13.7%,64.6%,61.4%,20.09%,47.88%,27.7%,24.3%,16.9%,28.7%,75.7%,15.7%,.259,.274,22.10,.013
111,692593,I. Luciano,Ismael Luciano,Luciano,Ismael,P,ACL Rockies,A-RCK,1994,ACL Rockies,rok,COL,Fresno Grizzlies,FRE,259,Fresno,AFX,COL,R,R,22.3,23,23,7,62.2,1097,299,20.4%,93.7,94.4,15.1,5.47,16.1%,13.0%,55.4%,44.6%,22.9%,51.2%,54.5%,20.00%,57.35%,22.5%,20.3%,12.5%,20.5%,79.7%,14.1%,.324,.349,-3.89,-.004
111,804870,R. Brizuela,Ricardo Brizuela,Brizuela,Ricardo,P,,,,,,,Kannapolis Cannon Ballers,KAN,487,Kannapolis,AFX,CWS,R,R,22.0,22,23,23,86.2,1438,380,0.6%,88.0,88.9,11.8,5.99,19.5%,9.7%,61.1%,47.1%,21.2%,61.1%,61.4%,18.26%,49.24%,26.5%,24.0%,17.6%,23.3%,76.0%,17.3%,.315,.340,0.35,.000
111,800485,W. Torres,Wande Torres,Torres,Wande,P,Wisconsin Timber Rattlers,WIS,572,Wisconsin,afa,MIL,Wilson Warbirds,WIL,249,Wilson,AFX,MIL,L,L,20.4,21,23,23,86.0,1467,374,8.2%,94.3,95.1,14.2,6.43,22.7%,9.6%,61.5%,49.9%,17.8%,59.9%,62.2%,18.26%,51.13%,27.7%,27.2%,17.1%,25.6%,72.8%,17.3%,.316,.322,2.85,.002
111,802086,O. Portes,Ovis Portes,Portes,Ovis,P,Daytona Tortugas,DBT,450,Daytona,afx,CIN,Daytona Tortugas,DBT,450,Daytona,AFX,CIN,R,R,20.6,21,23,15,61.1,1177,287,52.3%,94.7,96.3,21.2,5.65,23.3%,17.1%,57.9%,47.7%,19.5%,53.7%,53.1%,20.11%,51.43%,26.3%,28.2%,24.1%,21.7%,71.8%,16.7%,.322,.338,5.71,.005
111,702484,J. Cox,Jackson Cox,Cox,Jackson,P,Spokane Indians,SPO,486,Spokane,afa,COL,Fresno Grizzlies,FRE,259,Fresno,AFX,COL,R,R,21.8,22,23,23,85.0,1399,341,49.5%,94.9,96.0,19.2,5.30,27.0%,7.3%,63.1%,49.6%,15.8%,63.0%,55.6%,17.50%,50.35%,30.2%,26.4%,19.2%,25.4%,73.6%,17.8%,.311,.294,-0.38,-.000
111,807625,G. Batista,Gilberto Batista,Batista,Gilberto,P,Vancouver Canadians,VAN,435,Vancouver,afa,TOR,Dunedin Blue Jays,DUN,424,Dunedin,AFX,TOR,R,R,20.5,21,23,8,85.1,1342,371,37.8%,93.0,93.9,18.7,5.94,22.4%,5.9%,66.0%,49.4%,18.4%,60.4%,60.5%,21.26%,44.44%,28.7%,27.8%,18.6%,31.3%,72.2%,22.5%,.315,.346,1.40,.001
111,703609,W. Ford,Walter Ford,Ford,Walter,P,Everett AquaSox,EVE,403,Everett,afa,SEA,Modesto Nuts,MOD,515,Modesto,AFX,SEA,R,R,20.5,21,23,23,125.1,1774,531,37.0%,88.8,89.7,18.0,5.96,17.9%,5.6%,67.4%,55.3%,12.7%,66.5%,66.2%,21.40%,46.89%,27.1%,21.5%,15.2%,27.4%,78.5%,18.8%,.320,.316,1.84,.001
111,807001,L. Reyes,Luis Reyes,Reyes,Luis,P,,,,,,,Kannapolis Cannon Ballers,KAN,487,Kannapolis,AFX,CWS,R,R,19.7,20,23,23,87.0,1385,385,10.1%,92.6,93.5,13.1,6.35,22.9%,9.6%,65.1%,49.9%,16.7%,60.8%,61.4%,23.90%,49.01%,29.8%,27.1%,17.2%,30.2%,72.9%,17.3%,.293,.307,11.09,.008
111,695771,J. Kmatz,Jacob Kmatz,Kmatz,Jacob,P,Bowling Green Hot Rods,BG,2498,Bowling Green,afa,TB,Charleston RiverDogs,CHS,233,Charleston,AFX,TB,R,R,22.8,23,23,19,110.0,1676,473,50.7%,91.9,93.0,20.8,5.96,16.9%,7.4%,65.5%,51.4%,16.4%,64.5%,67.1%,14.60%,43.95%,25.3%,23.8%,15.1%,29.9%,76.2%,13.3%,.311,.351,7.75,.005
111,822876,R. Andrade,Ryan Andrade,Andrade,Ryan,P,Bowling Green Hot Rods,BG,2498,Bowling Green,afa,TB,Charleston RiverDogs,CHS,233,Charleston,AFX,TB,R,R,22.3,23,23,23,119.0,1819,491,49.3%,92.5,93.3,21.2,6.01,18.3%,9.6%,61.8%,48.5%,16.7%,63.5%,61.1%,21.20%,47.24%,25.2%,26.6%,17.0%,28.1%,73.4%,16.1%,.270,.279,25.24,.014
111,801796,E. Jones,Eli Jones,Jones,Eli,P,Cedar Rapids Kernels,CR,492,Cedar Rapids,afa,MIN,Fort Myers Mighty Mussels,FTM,509,Fort Myers,AFX,MIN,R,R,22.0,22,23,18,100.0,1615,447,10.5%,93.3,93.8,12.2,6.52,18.8%,8.9%,62.8%,50.4%,19.3%,60.2%,60.7%,17.51%,46.58%,27.0%,22.7%,16.0%,27.0%,77.3%,13.3%,.278,.307,17.81,.011
145,804636,J. Tong,Jonah Tong,Tong,Jonah,P,Syracuse Mets,SYR,552,Syracuse,aaa,NYM,Syracuse Mets,SYR,552,Syracuse,AAA,NYM,R,R,22.0,22,22,22,113.2,1851,442,55.7%,94.7,95.8,21.3,6.64,40.5%,10.6%,62.7%,51.2%,13.3%,63.8%,60.2%,32.77%,69.48%,35.8%,40.3%,36.3%,24.8%,59.7%,11.5%,.217,.209,33.91,.018
145,691786,M. Morales,Michael Morales,Morales,Michael,P,Arkansas Travelers,ARK,574,Arkansas,aax,SEA,Arkansas Travelers,ARK,574,Arkansas,AAX,SEA,R,R,22.9,23,22,22,101.2,1577,435,28.7%,90.4,91.1,17.1,6.36,16.1%,8.5%,62.4%,48.7%,17.3%,62.3%,60.1%,17.62%,39.44%,26.0%,22.5%,14.8%,24.8%,77.5%,17.9%,.304,.317,4.68,.003
145,703596,K. Milbrandt,Karson Milbrandt,Milbrandt,Karson,P,Pensacola Blue Wahoos,PNS,4124,Pensacola,aax,MIA,Pensacola Blue Wahoos,PNS,4124,Pensacola,AAX,MIA,R,R,21.2,22,22,22,90.0,1614,389,36.8%,94.8,95.8,18.5,5.94,29.0%,12.3%,61.5%,48.5%,18.4%,62.2%,59.0%,23.79%,53.53%,30.3%,34.4%,25.2%,30.0%,65.6%,7.4%,.256,.275,26.86,.017
145,811290,J. Hamm,Jaden Hamm,Hamm,Jaden,P,,,,,,,Erie SeaWolves,ERI,106,Erie,AAX,DET,R,R,22.8,23,22,22,88.0,1511,384,51.2%,90.4,91.9,22.4,5.99,20.8%,9.6%,61.3%,50.9%,15.4%,58.3%,54.6%,20.18%,47.14%,27.4%,26.4%,20.9%,22.2%,73.6%,17.9%,.301,.313,5.64,.004
145,814489,B. Wichrowski,Brett Wichrowski,Wichrowski,Brett,P,Biloxi Shuckers,BLX,5015,Biloxi,aax,MIL,Biloxi Shuckers,BLX,5015,Biloxi,AAX,MIL,L,R,22.9,23,22,22,99.1,1646,432,37.1%,94.5,95.8,14.6,6.72,16.7%,10.2%,61.3%,51.6%,15.0%,59.7%,60.5%,15.29%,40.94%,24.8%,22.8%,14.8%,24.6%,77.2%,11.1%,.309,.304,9.90,.006
145,695721,G. Ziehl,Gage Ziehl,Ziehl,Gage,P,Portland Sea Dogs,POR,546,Portland,aax,BOS,Winston-Salem Dash,WS,580,Winston-Salem,AFA,CWS,R,R,22.1,22,22,21,107.0,1617,455,14.0%,92.1,91.9,14.6,6.38,19.8%,4.2%,67.7%,53.0%,19.2%,63.3%,67.8%,19.18%,40.76%,28.0%,22.3%,15.7%,31.6%,77.7%,13.1%,.294,.300,13.36,.008
145,696292,B. Hess,Ben Hess,Hess,Ben,P,,,,,,,Somerset Patriots,SOM,1956,Somerset,AAX,NYY,R,R,22.8,23,22,22,103.1,1668,421,27.9%,92.9,94.4,20.3,6.74,33.0%,10.9%,63.8%,49.5%,17.0%,64.1%,65.4%,26.36%,63.40%,33.2%,32.0%,22.4%,27.8%,68.0%,17.3%,.270,.251,15.60,.009
145,701590,K. Stephen,Khal Stephen,Stephen,Khal,P,Akron RubberDucks,AKR,402,Akron,aax,CLE,Akron RubberDucks,AKR,402,Akron,AAX,CLE,R,R,22.5,23,22,21,103.0,1531,406,51.9%,93.2,94.1,21.3,6.61,27.1%,4.9%,68.1%,52.6%,12.4%,66.5%,68.3%,22.22%,54.55%,29.8%,28.4%,19.4%,35.9%,71.6%,16.5%,.249,.252,26.59,.017
145,809229,J. DeBerry,Jaron DeBerry,DeBerry,Jaron,P,Biloxi Shuckers,BLX,5015,Biloxi,aax,MIL,Biloxi Shuckers,BLX,5015,Biloxi,AAX,MIL,R,R,22.8,23,22,19,100.2,1642,427,19.8%,92.0,92.8,14.1,6.80,23.9%,7.3%,63.4%,53.3%,14.4%,61.6%,58.0%,24.70%,46.78%,29.2%,25.7%,19.9%,26.3%,74.3%,14.0%,.281,.313,13.72,.008
145,825576,B. Thompson,Brandt Thompson,Thompson,Brandt,P,Springfield Cardinals,SPR,440,Springfield,aax,STL,Peoria Chiefs,PEO,443,Peoria,AFA,STL,R,R,23.0,23,22,20,103.2,1576,415,33.9%,91.2,91.8,18.3,5.88,22.2%,5.8%,67.1%,55.4%,15.6%,66.5%,65.2%,19.34%,46.30%,27.5%,22.0%,15.8%,28.0%,78.0%,15.4%,.285,.288,13.76,.009
145,695778,A. Curry,Aidan Curry,Curry,Aidan,P,Hub City Spartanburgers,HCS,6324,Hub City,afa,TEX,Hub City Spartanburgers,HCS,6324,Hub City,AFA,TEX,R,R,22.9,23,22,17,84.2,1473,369,35.2%,93.2,93.9,18.7,6.55,31.4%,11.9%,63.5%,48.9%,16.8%,62.3%,63.7%,23.33%,61.49%,33.6%,35.4%,25.2%,26.6%,64.6%,15.5%,.302,.312,7.87,.005
145,699276,J. Olivares,Jose Olivares,Olivares,Jose,P,Wichita Wind Surge,WCH,3898,Wichita,aax,MIN,Cedar Rapids Kernels,CR,492,Cedar Rapids,AFA,MIN,R,R,22.4,23,22,21,90.1,1584,388,42.4%,95.2,96.1,21.2,6.29,27.6%,14.7%,60.6%,49.9%,16.5%,62.1%,55.9%,23.57%,61.33%,29.8%,34.2%,26.5%,25.6%,65.8%,13.2%,.284,.282,19.84,.013
145,803244,E. Dishmey,Eliazar Dishmey,Dishmey,Eliazar,P,Beloit Sky Carp,BEL,554,Beloit,afa,MIA,Beloit Sky Carp,BEL,554,Beloit,AFA,MIA,R,R,20.7,21,22,20,99.1,1578,404,38.5%,93.1,94.5,17.3,6.52,26.7%,11.9%,61.2%,49.2%,20.0%,58.9%,56.3%,24.30%,57.14%,29.6%,29.3%,19.9%,25.7%,70.7%,10.8%,.259,.266,21.18,.013
145,702584,I. Lowe,Isaiah Lowe,Lowe,Isaiah,P,Fort Wayne TinCaps,FW,584,Fort Wayne,afa,SD,Fort Wayne TinCaps,FW,584,Fort Wayne,AFA,SD,R,R,22.2,22,22,22,91.2,1669,433,51.5%,92.7,94.0,18.0,6.59,16.2%,11.8%,61.2%,51.7%,16.1%,59.8%,58.8%,13.69%,35.37%,23.9%,20.5%,14.6%,22.6%,79.5%,13.4%,.317,.360,7.03,.004
145,808051,W. Paredes,Wilkin Paredes,Paredes,Wilkin,P,Visalia Rawhide,VIS,516,Visalia,afx,AZ,Hillsboro Hops,HIL,419,Hillsboro,AFA,AZ,L,L,21.8,22,22,22,115.2,1706,501,14.9%,91.7,92.7,14.2,5.74,12.8%,8.4%,63.8%,51.4%,14.6%,61.3%,66.0%,16.18%,38.51%,23.6%,20.7%,14.1%,28.0%,79.3%,15.8%,.331,.328,2.52,.001
145,808087,J. Sanchez,Junior Sanchez,Sanchez,Junior,P,Hillsboro Hops,HIL,419,Hillsboro,afa,AZ,Hillsboro Hops,HIL,419,Hillsboro,AFA,AZ,R,R,19.8,20,22,20,105.0,1700,429,60.0%,92.2,93.5,18.9,6.37,20.5%,8.9%,63.2%,52.4%,14.3%,59.0%,57.8%,17.77%,41.18%,27.9%,24.9%,16.2%,23.9%,75.1%,19.0%,.286,.272,16.06,.009
145,803291,C. Oppor,Christian Oppor,Oppor,Christian,P,Birmingham Barons,BIR,247,Birmingham,aax,CWS,Winston-Salem Dash,WS,580,Winston-Salem,AFA,CWS,L,L,20.9,21,22,22,87.2,1469,366,25.1%,95.9,96.9,17.5,5.59,31.7%,11.5%,63.1%,52.3%,16.8%,62.3%,61.1%,27.88%,61.05%,32.8%,33.6%,30.8%,25.4%,66.4%,12.4%,.266,.280,19.71,.013
145,807291,C. Scarborough,Caden Scarborough,Scarborough,Caden,P,,,,,,,Hub City Spartanburgers,HCS,6324,Hub City,AFA,TEX,R,R,20.2,21,22,21,88.0,1315,343,12.6%,94.1,95.3,15.1,6.70,33.2%,6.1%,67.1%,53.2%,15.1%,66.5%,66.3%,25.52%,65.19%,31.5%,30.4%,22.2%,32.6%,69.6%,10.6%,.234,.232,22.52,.017
145,807314,T. Harrison,Trevor Harrison,Harrison,Trevor,P,Bowling Green Hot Rods,BG,2498,Bowling Green,afa,TB,Bowling Green Hot Rods,BG,2498,Bowling Green,AFA,TB,R,R,19.9,20,22,22,107.0,1703,440,41.0%,94.5,96.2,19.7,6.18,22.7%,11.1%,61.8%,50.7%,13.8%,61.6%,57.7%,21.12%,54.76%,27.0%,27.4%,21.6%,26.2%,72.6%,11.1%,.266,.278,25.41,.015
145,803349,H. Hernandez,Herick Hernandez,Hernandez,Herick,P,Columbus Clingstones,COL,6325,Columbus,aax,ATL,Rome Emperors,ROM,432,Rome,AFA,ATL,L,L,21.9,22,22,21,103.1,1847,443,47.9%,93.3,94.4,20.8,5.62,28.7%,15.3%,59.2%,46.1%,20.2%,56.2%,55.5%,20.57%,58.58%,31.1%,35.3%,22.7%,25.6%,64.7%,18.6%,.320,.313,6.27,.003
145,822462,E. Truitt,Evan Truitt,Truitt,Evan,P,Everett AquaSox,EVE,403,Everett,afa,SEA,Everett AquaSox,EVE,403,Everett,AFA,SEA,R,R,22.2,22,22,19,98.1,1600,433,23.9%,92.8,93.3,16.0,5.63,16.6%,10.6%,60.8%,50.1%,19.2%,55.2%,57.8%,20.49%,43.51%,22.6%,18.8%,12.2%,24.4%,81.3%,16.8%,.336,.364,-2.37,-.001
145,823804,R. Dromboski,Ryan Dromboski,Dromboski,Ryan,P,Jersey Shore BlueClaws,JS,427,Jersey Shore,afa,PHI,Jersey Shore BlueClaws,JS,427,Jersey Shore,AFA,PHI,R,R,22.1,22,22,13,80.1,1173,323,0.6%,90.8,91.4,10.7,6.16,23.5%,7.4%,65.6%,51.4%,19.1%,66.6%,62.5%,22.73%,49.24%,31.7%,30.6%,23.5%,31.3%,69.4%,16.1%,.267,.280,15.95,.014
145,827640,L. Elissalt,Lucas Elissalt,Elissalt,Lucas,P,West Michigan Whitecaps,WM,582,West Michigan,afa,DET,West Michigan Whitecaps,WM,582,West Michigan,AFA,DET,R,R,20.9,21,22,16,89.2,1422,372,53.5%,91.2,92.2,18.8,6.67,26.9%,9.4%,64.9%,51.0%,16.1%,64.5%,61.0%,18.66%,55.56%,31.7%,27.2%,18.9%,28.5%,72.8%,12.3%,.240,.252,24.66,.017
145,801873,S. Sprague,Shea Sprague,Sprague,Shea,P,Greenville Drive,GVL,428,Greenville,afa,BOS,Greenville Drive,GVL,428,Greenville,AFA,BOS,R,L,22.5,23,22,9,96.2,1441,400,1.3%,90.8,90.8,14.7,6.37,22.8%,8.8%,63.0%,49.3%,17.4%,62.3%,60.7%,22.96%,47.62%,31.0%,30.3%,19.9%,27.9%,69.7%,11.9%,.275,.293,16.31,.011
145,807485,D. Garcia,Davian Garcia,Garcia,Davian,P,Harrisburg Senators,HBG,547,Harrisburg,aax,WSH,Wilmington Blue Rocks,WIL,426,Wilmington,AFA,WSH,R,R,21.7,22,22,20,96.0,1640,412,58.6%,93.2,94.7,20.5,6.82,21.1%,14.1%,59.6%,51.3%,15.2%,56.3%,57.9%,21.52%,52.78%,26.0%,25.2%,18.4%,23.4%,74.8%,13.7%,.301,.309,14.35,.009
145,801737,L. Martinez,Liomar Martinez,Martinez,Liomar,P,Beloit Sky Carp,BEL,554,Beloit,afa,MIA,Jupiter Hammerheads,JUP,479,Jupiter,AFX,MIA,R,R,20.0,20,22,20,101.0,1630,424,42.8%,93.2,93.9,18.5,6.38,28.1%,9.7%,61.7%,47.9%,24.2%,60.4%,57.3%,25.76%,59.28%,31.3%,30.5%,19.0%,25.9%,69.5%,15.3%,.254,.275,18.09,.011
145,800283,E. Segura,Enrique Segura,Segura,Enrique,P,Hub City Spartanburgers,HCS,6324,Hub City,afa,TEX,Hickory Crawdads,HIC,448,Hickory,AFX,TEX,R,R,20.5,21,22,18,91.2,1449,393,1.3%,92.0,93.3,13.5,6.84,24.2%,8.1%,64.0%,50.0%,17.9%,62.3%,59.9%,21.57%,50.00%,30.5%,26.4%,21.3%,26.2%,73.6%,13.1%,.272,.287,13.73,.009
145,801384,W. Castillo,Walin Castillo,Castillo,Walin,P,Jupiter Hammerheads,JUP,479,Jupiter,afx,MIA,Jupiter Hammerheads,JUP,479,Jupiter,AFX,MIA,R,R,20.5,21,22,13,84.2,1452,390,1.8%,93.7,94.9,14.2,6.15,16.9%,11.5%,62.3%,53.7%,16.6%,59.0%,59.6%,17.33%,40.60%,25.3%,19.5%,14.5%,23.5%,80.5%,16.8%,.299,.363,11.30,.008
145,801249,J. Mendez,Julio Mendez,Mendez,Julio,P,Jupiter Hammerheads,JUP,479,Jupiter,afx,MIA,Jupiter Hammerheads,JUP,479,Jupiter,AFX,MIA,L,L,20.5,21,22,20,91.2,1559,393,45.3%,92.6,93.4,17.2,6.39,24.2%,10.9%,61.4%,48.9%,23.5%,60.8%,51.1%,23.35%,49.36%,28.0%,26.4%,18.0%,26.4%,73.6%,11.8%,.262,.278,18.70,.012
145,806413,D. Guerra,Daniel Guerra,Guerra,Daniel,P,Vancouver Canadians,VAN,435,Vancouver,afa,TOR,Dunedin Blue Jays,DUN,424,Dunedin,AFX,TOR,R,R,21.3,22,22,13,82.0,1395,347,64.1%,93.8,95.4,20.2,6.61,24.2%,11.2%,63.3%,50.6%,20.0%,66.6%,61.2%,16.12%,52.71%,26.2%,26.6%,20.7%,25.8%,73.4%,14.8%,.281,.290,17.18,.012
145,805874,A. Mejia,Aneudis Mejia,Mejia,Aneudis,P,Hickory Crawdads,HIC,448,Hickory,afx,TEX,Hickory Crawdads,HIC,448,Hickory,AFX,TEX,R,R,21.5,22,22,9,61.1,1085,288,49.9%,93.5,94.6,17.0,5.82,23.3%,14.9%,60.6%,46.4%,18.8%,58.3%,58.9%,18.63%,59.80%,27.5%,28.8%,18.7%,26.7%,71.2%,14.5%,.310,.327,6.57,.006
145,815298,J. Bresnahan,Jacob Bresnahan,Bresnahan,Jacob,P,,,,,,,San Jose Giants,SJ,476,San Jose,AFX,SF,L,L,20.0,20,22,22,93.0,1553,381,60.2%,92.6,93.8,22.4,6.28,32.5%,11.3%,64.5%,51.9%,15.6%,64.6%,60.2%,27.73%,60.22%,33.1%,36.2%,28.3%,28.8%,63.8%,15.1%,.247,.260,28.90,.019
145,806724,A. Bates,Adam Bates,Bates,Adam,P,Salem RidgeYaks,SAL,414,Salem,afx,BOS,Salem RidgeYaks,SAL,414,Salem,AFX,BOS,R,R,19.9,20,22,6,80.1,1527,372,30.7%,91.0,91.6,16.7,6.24,17.5%,15.9%,57.4%,46.4%,18.3%,55.4%,50.5%,14.35%,40.68%,24.8%,21.0%,15.4%,20.7%,79.0%,15.1%,.325,.320,-0.27,-.000
145,700400,M. Ager,Matt Ager,Ager,Matt,P,Greensboro Grasshoppers,GBO,477,Greensboro,afa,PIT,Bradenton Marauders,BRD,3390,Bradenton,AFX,PIT,R,R,22.1,22,22,19,76.0,1343,357,43.6%,90.3,91.8,19.5,6.88,14.0%,13.2%,59.2%,48.3%,21.8%,55.5%,57.4%,13.51%,40.82%,23.9%,19.5%,14.2%,19.9%,80.5%,16.0%,.323,.350,1.57,.001
145,815785,B. Doughty,Braylon Doughty,Doughty,Braylon,P,Lake County Captains,LC,437,Lake County,afa,CLE,Hill City Howlers,HC,481,Hill City,AFX,CLE,R,R,19.6,20,22,22,85.1,1352,362,46.3%,92.8,94.0,18.8,6.46,27.3%,6.4%,68.9%,56.0%,10.7%,65.5%,66.9%,23.79%,50.31%,31.0%,26.4%,18.8%,32.3%,73.6%,9.0%,.241,.293,27.12,.020
145,813869,R. Degges,Ryan Degges,Degges,Ryan,P,Jersey Shore BlueClaws,JS,427,Jersey Shore,afa,PHI,Clearwater Threshers,CLR,566,Clearwater,AFX,PHI,R,R,22.8,23,22,18,81.0,1366,354,45.8%,93.0,94.4,20.9,6.08,20.3%,14.1%,58.2%,47.9%,20.8%,56.2%,55.7%,23.71%,53.27%,26.1%,26.7%,20.2%,22.7%,73.3%,16.2%,.328,.338,0.93,.001
145,701680,R. Sales,R.J. Sales,Sales,R.J.,P,,,,,,,Fredericksburg Nationals,FBG,436,Fredericksburg,AFX,WSH,R,R,21.9,22,22,21,94.2,1446,385,54.6%,93.9,94.9,19.5,5.90,26.0%,7.3%,63.6%,50.9%,17.8%,63.1%,59.4%,24.55%,55.24%,26.7%,26.8%,15.8%,28.6%,73.2%,17.7%,.280,.279,9.54,.007
182,806258,T. White,Thomas White,White,Thomas,P,Jacksonville Jumbo Shrimp,JAX,564,Jacksonville,aaa,MIA,Jacksonville Jumbo Shrimp,JAX,564,Jacksonville,AAA,MIA,L,L,20.8,21,21,21,89.2,1610,376,21.9%,95.3,96.4,17.7,6.02,38.6%,13.6%,61.4%,47.4%,19.0%,60.1%,55.7%,29.51%,66.11%,33.7%,39.6%,28.3%,28.4%,60.4%,9.1%,.234,.251,29.08,.018
182,694395,D. MacLean,Dylan MacLean,MacLean,Dylan,P,Frisco RoughRiders,FRI,540,Frisco,aax,TEX,Hub City Spartanburgers,HCS,6324,Hub City,AFA,TEX,R,L,23.0,23,21,10,72.2,1106,285,26.1%,90.3,91.0,18.0,5.88,22.8%,5.3%,67.9%,56.2%,10.4%,70.9%,63.0%,19.19%,41.18%,30.8%,25.6%,20.5%,27.1%,74.4%,18.2%,.246,.263,18.93,.017
182,703496,M. Graves,Mavis Graves,Graves,Mavis,P,Jersey Shore BlueClaws,JS,427,Jersey Shore,afa,PHI,Jersey Shore BlueClaws,JS,427,Jersey Shore,AFA,PHI,L,L,21.6,22,21,21,81.2,1480,372,1.7%,91.7,92.6,16.6,6.27,27.7%,13.7%,60.2%,46.6%,18.8%,59.9%,57.8%,23.39%,59.06%,31.0%,32.5%,22.7%,24.1%,67.5%,14.7%,.298,.337,8.38,.006
182,806293,P. Martin,Payton Martin,Martin,Payton,P,Tulsa Drillers,TUL,260,Tulsa,aax,LAD,Great Lakes Loons,GL,456,Great Lakes,AFA,LAD,R,R,21.1,21,21,19,81.1,1331,341,36.7%,93.8,94.8,18.5,6.64,24.0%,7.3%,63.8%,50.9%,16.3%,59.5%,59.6%,23.50%,52.99%,29.8%,31.3%,22.0%,27.3%,68.7%,18.8%,.298,.314,7.29,.005
182,805972,A. Ehrlicher,Austin Ehrlicher,Ehrlicher,Austin,P,Greenville Drive,GVL,428,Greenville,afa,BOS,Greenville Drive,GVL,428,Greenville,AFA,BOS,L,R,22.1,22,21,12,63.1,1062,261,37.4%,93.0,93.7,18.5,6.31,28.0%,14.9%,61.2%,50.2%,17.2%,57.1%,54.8%,28.57%,53.64%,30.5%,31.4%,21.0%,24.2%,68.6%,10.4%,.281,.261,11.93,.011
182,815549,R. Sloan,Ryan Sloan,Sloan,Ryan,P,Arkansas Travelers,ARK,574,Arkansas,aax,SEA,Everett AquaSox,EVE,403,Everett,AFA,SEA,R,R,19.4,20,21,21,82.0,1233,333,54.8%,95.4,96.7,16.3,6.33,27.0%,4.5%,67.8%,54.0%,14.5%,67.6%,72.6%,21.33%,54.41%,31.2%,30.0%,20.4%,32.5%,70.0%,11.4%,.249,.294,20.75,.017
182,826939,L. Gabrysh,Luke Gabrysh,Gabrysh,Luke,P,Jersey Shore BlueClaws,JS,427,Jersey Shore,afa,PHI,Jersey Shore BlueClaws,JS,427,Jersey Shore,AFA,PHI,R,R,22.2,23,21,19,78.1,1178,318,13.6%,94.2,95.2,14.7,6.48,18.6%,10.1%,63.5%,54.1%,17.4%,64.5%,60.4%,18.06%,44.54%,28.6%,26.3%,19.4%,24.2%,73.7%,14.0%,.270,.287,17.55,.015
182,803135,A. Gordon,Austin Gordon,Gordon,Austin,P,Rocket City Trash Pandas,RCT,559,Rocket City,aax,LAA,Tri-City Dust Devils,TRI,460,Tri-City,AFA,LAA,R,R,22.0,22,21,21,84.1,1507,375,61.0%,92.6,93.8,20.4,6.08,25.3%,7.2%,66.5%,54.5%,11.5%,64.0%,63.5%,17.15%,49.15%,29.1%,25.1%,21.7%,27.2%,74.9%,20.0%,.281,.344,14.66,.010
182,699944,B. Caple,Brooks Caple,Caple,Brooks,P,South Bend Cubs,SB,550,South Bend,afa,CHC,South Bend Cubs,SB,550,South Bend,AFA,CHC,R,R,22.9,23,21,21,98.1,1630,428,39.3%,92.9,93.9,19.4,6.60,17.3%,10.0%,63.5%,52.0%,16.2%,65.9%,59.9%,16.84%,43.05%,24.2%,21.5%,16.4%,24.8%,78.5%,17.7%,.298,.317,11.28,.007
182,801252,A. Romero,Alfredo Romero,Romero,Alfredo,P,South Bend Cubs,SB,550,South Bend,afa,CHC,Myrtle Beach Pelicans,MB,521,Myrtle Beach,AFX,CHC,R,R,22.0,22,21,13,74.2,1256,319,37.2%,92.1,93.4,16.7,6.37,20.7%,14.1%,59.0%,48.3%,16.9%,56.7%,53.3%,19.64%,48.21%,27.1%,26.9%,20.7%,21.1%,73.1%,11.9%,.289,.283,10.22,.008
182,800154,M. Herrera,Marcos Herrera,Herrera,Marcos,P,Fresno Grizzlies,FRE,259,Fresno,afx,COL,Fresno Grizzlies,FRE,259,Fresno,AFX,COL,R,R,20.7,21,21,19,100.2,1684,440,60.1%,96.4,97.5,17.2,5.61,23.2%,12.0%,60.4%,49.0%,18.5%,60.2%,55.9%,22.76%,53.90%,26.6%,27.3%,20.7%,24.1%,72.7%,17.0%,.308,.307,5.89,.003
182,800124,D. Lorduy,David Lorduy,Lorduy,David,P,,,,,,,Daytona Tortugas,DBT,450,Daytona,AFX,CIN,R,R,21.7,22,21,17,69.0,1085,295,38.1%,90.4,91.1,17.5,5.61,22.0%,8.8%,64.3%,54.7%,16.8%,62.4%,59.7%,24.46%,53.10%,27.6%,26.0%,20.1%,23.6%,74.0%,16.0%,.294,.289,9.37,.009
182,805872,M. Perez,Michael Perez,Perez,Michael,P,Jupiter Hammerheads,JUP,479,Jupiter,afx,MIA,Jupiter Hammerheads,JUP,479,Jupiter,AFX,MIA,R,R,22.8,23,21,5,64.1,1152,300,19.3%,94.5,95.1,15.2,5.97,27.7%,14.0%,58.7%,43.9%,25.5%,50.7%,53.7%,32.12%,62.04%,30.4%,34.9%,21.8%,27.9%,65.1%,14.2%,.293,.326,6.63,.006
182,807791,E. Reynoso,Erick Reynoso,Reynoso,Erick,P,Visalia Rawhide,VIS,516,Visalia,afx,AZ,Visalia Rawhide,VIS,516,Visalia,AFX,AZ,R,R,22.6,23,21,16,75.2,1384,337,58.6%,93.4,95.0,19.8,5.89,20.2%,17.2%,57.1%,45.2%,18.3%,56.1%,54.1%,17.06%,49.57%,26.5%,28.4%,23.1%,22.6%,71.6%,16.1%,.329,.335,3.62,.003
182,810982,R. Antonio,Rayven Antonio,Antonio,Rayven,P,,,,,,,Augusta GreenJackets,AUG,478,Augusta,AFX,ATL,R,R,19.3,20,21,20,93.1,1528,400,28.2%,94.3,95.6,14.1,6.59,23.8%,9.0%,62.2%,48.0%,16.7%,60.0%,61.1%,22.13%,55.88%,26.8%,28.3%,18.5%,27.6%,71.7%,6.6%,.263,.287,18.27,.012
182,815212,K. Martinez,Keyner Martinez,Martinez,Keyner,P,San Jose Giants,SJ,476,San Jose,afx,SF,San Jose Giants,SJ,476,San Jose,AFX,SF,R,R,20.9,21,21,11,69.1,1081,284,50.9%,95.4,96.6,16.6,6.03,34.2%,7.4%,65.8%,50.4%,15.6%,60.2%,59.6%,29.45%,66.92%,34.4%,32.6%,23.1%,27.6%,67.4%,7.5%,.225,.282,16.60,.015
182,702965,H. Wyatt,Hiro Wyatt,Wyatt,Hiro,P,Columbia Fireflies,COL,3705,Columbia,afx,KC,Columbia Fireflies,COL,3705,Columbia,AFX,KC,R,R,20.8,21,21,20,79.0,1305,349,33.0%,92.5,93.6,15.2,5.92,22.3%,8.3%,61.5%,50.2%,17.4%,51.9%,59.4%,22.10%,53.64%,26.7%,20.8%,13.5%,21.6%,79.2%,16.8%,.310,.348,-2.11,-.002
182,822503,J. Doktorczyk,Jason Doktorczyk,Doktorczyk,Jason,P,Cedar Rapids Kernels,CR,492,Cedar Rapids,afa,MIN,Fort Myers Mighty Mussels,FTM,509,Fort Myers,AFX,MIN,R,R,22.2,23,21,12,86.1,1439,391,14.9%,90.7,91.5,16.0,5.89,22.5%,7.4%,64.3%,48.7%,22.3%,59.6%,63.3%,23.96%,50.00%,29.2%,27.7%,20.0%,28.9%,72.3%,10.5%,.291,.335,10.14,.007
200,808063,M. Miralles,Maikel Miralles,Miralles,Maikel,P,Fort Wayne TinCaps,FW,584,Fort Wayne,afa,SD,El Paso Chihuahuas,ELP,4904,El Paso,AAA,SD,R,R,20.7,21,20,16,71.0,1124,307,49.0%,92.8,93.9,17.8,5.98,20.2%,11.4%,63.3%,51.7%,14.6%,59.9%,61.6%,20.15%,50.43%,27.8%,27.3%,17.7%,26.2%,72.7%,12.1%,.291,.324,12.91,.011
200,814490,E. Pecko,Ethan Pecko,Pecko,Ethan,P,Fayetteville Woodpeckers,FAY,3712,Fayetteville,afx,HOU,Sugar Land Space Cowboys,SUG,5434,Sugar Land,AAA,HOU,R,R,22.8,23,20,18,80.0,1356,331,37.4%,93.5,94.7,15.8,6.16,28.7%,8.2%,63.1%,49.3%,15.9%,61.9%,62.1%,22.71%,60.16%,28.6%,27.6%,19.1%,27.8%,72.4%,19.4%,.280,.289,8.37,.006
200,801139,P. Tolle,Payton Tolle,Tolle,Payton,P,Worcester Red Sox,WOR,533,Worcester,aaa,BOS,Worcester Red Sox,WOR,533,Worcester,AAA,BOS,L,L,22.7,23,20,18,91.2,1430,364,34.5%,94.8,96.3,18.8,7.38,36.5%,6.3%,67.3%,57.5%,12.8%,64.3%,65.2%,31.19%,62.71%,37.7%,39.7%,35.5%,24.9%,60.3%,15.4%,.247,.260,23.44,.016
200,700842,E. Rivera,Eduardo Rivera,Rivera,Eduardo,P,Worcester Red Sox,WOR,533,Worcester,aaa,BOS,Portland Sea Dogs,POR,546,Portland,AAX,BOS,L,L,22.0,22,20,15,87.0,1434,364,38.7%,93.5,94.4,17.6,6.38,29.7%,12.6%,61.2%,47.9%,17.4%,63.7%,61.3%,26.42%,57.43%,31.8%,35.4%,24.7%,26.6%,64.6%,9.7%,.265,.254,18.82,.013
200,801725,L. De León,Luis De León,De León,Luis,P,Chesapeake Baysox,CHE,418,Chesapeake,aax,BAL,Chesapeake Baysox,CHE,418,Chesapeake,AAX,BAL,L,L,22.2,23,20,18,87.1,1414,375,4.1%,95.9,96.3,14.2,5.91,28.5%,10.9%,62.0%,47.7%,15.7%,62.1%,57.6%,33.33%,57.52%,32.8%,37.2%,27.9%,29.6%,62.8%,9.9%,.261,.258,20.41,.014
200,805060,Y. Rojas,Yenrri Rojas,Rojas,Yenrri,P,Knoxville Smokies,KNX,553,Knoxville,aax,CHC,Knoxville Smokies,KNX,553,Knoxville,AAX,CHC,R,R,21.6,22,20,18,92.2,1447,371,14.2%,91.4,92.5,14.4,6.26,19.9%,9.2%,63.9%,51.9%,14.7%,63.9%,60.0%,17.54%,38.71%,26.1%,21.6%,16.2%,26.9%,78.4%,10.2%,.266,.256,19.28,.013
200,807743,S. Sullivan,Sean Sullivan,Sullivan,Sean,P,Albuquerque Isotopes,ABQ,342,Albuquerque,aaa,COL,Hartford Yard Goats,HFD,538,Hartford,AAX,COL,R,L,22.9,23,20,20,104.0,1557,418,9.7%,87.6,88.4,17.5,7.36,24.9%,6.0%,66.4%,53.4%,12.6%,63.6%,59.8%,19.82%,51.16%,32.4%,28.6%,24.0%,31.0%,71.4%,18.5%,.269,.271,19.39,.012
200,696146,H. Smith,Hagen Smith,Smith,Hagen,P,Charlotte Knights,CLT,494,Charlotte,aaa,CWS,Birmingham Barons,BIR,247,Birmingham,AAX,CWS,L,L,21.9,22,20,20,75.2,1359,319,18.3%,94.1,95.7,17.1,6.47,33.9%,17.6%,57.8%,48.9%,16.3%,58.0%,56.7%,22.91%,65.65%,30.5%,36.0%,29.2%,22.6%,64.0%,16.8%,.298,.291,11.44,.008
200,800338,F. Gómez,Franklin Gómez,Gómez,Franklin,P,Lake County Captains,LC,437,Lake County,afa,CLE,Brooklyn Cyclones,BRK,453,Brooklyn,AFA,NYM,L,L,20.0,20,20,13,71.2,1138,307,32.8%,92.5,93.8,17.3,6.19,22.1%,11.1%,64.0%,53.3%,13.0%,62.9%,65.9%,18.64%,49.57%,28.9%,26.0%,20.2%,26.7%,74.0%,12.2%,.271,.293,17.76,.016
200,808250,J. Urbina,Jose Urbina,Urbina,Jose,P,Bowling Green Hot Rods,BG,2498,Bowling Green,afa,TB,Bowling Green Hot Rods,BG,2498,Bowling Green,AFA,TB,R,R,19.7,20,20,20,96.1,1450,380,38.3%,96.3,97.8,17.4,6.42,26.6%,7.9%,63.9%,51.8%,14.0%,62.1%,59.3%,26.82%,58.16%,27.1%,25.9%,19.8%,27.5%,74.1%,17.3%,.267,.274,15.40,.011
200,815348,B. Bateman,Boston Bateman,Bateman,Boston,P,Frederick Keys,FRE,493,Frederick,afa,BAL,Aberdeen IronBirds,ABD,488,Aberdeen,AFA,BAL,R,L,19.8,20,20,20,87.0,1464,380,34.2%,94.3,95.8,15.1,5.90,24.7%,10.0%,63.0%,49.9%,16.8%,61.3%,60.8%,20.19%,51.30%,28.6%,28.6%,19.7%,26.2%,71.4%,6.7%,.265,.310,18.83,.013
200,805073,J. Gutierrez,Jose Gutierrez,Gutierrez,Jose,P,Columbia Fireflies,COL,3705,Columbia,afx,KC,Columbia Fireflies,COL,3705,Columbia,AFX,KC,R,R,22.1,22,20,13,66.1,1090,287,54.6%,92.1,93.5,17.2,6.20,21.6%,10.5%,62.5%,49.0%,14.7%,59.9%,57.0%,22.84%,48.54%,26.5%,20.5%,12.3%,25.5%,79.5%,10.6%,.296,.310,4.19,.004
200,806637,J. Woods,Jordan Woods,Woods,Jordan,P,Columbia Fireflies,COL,3705,Columbia,afx,KC,Columbia Fireflies,COL,3705,Columbia,AFX,KC,L,L,21.6,22,20,9,63.1,1071,270,54.2%,89.0,90.0,22.8,5.97,23.3%,12.6%,59.9%,48.8%,15.4%,58.9%,55.5%,24.03%,49.48%,27.1%,26.8%,19.0%,24.5%,73.2%,13.9%,.295,.321,6.74,.006
200,807697,J. Alfaro,Jervis Alfaro,Alfaro,Jervis,P,Hill City Howlers,HC,481,Hill City,afx,CLE,Hill City Howlers,HC,481,Hill City,AFX,CLE,R,R,21.7,22,20,16,89.1,1355,386,28.9%,92.5,93.1,17.2,6.39,18.7%,6.2%,67.1%,52.1%,16.0%,66.8%,64.7%,20.00%,42.76%,28.1%,25.1%,14.5%,30.3%,74.9%,13.5%,.258,.293,21.51,.016
200,807814,M. Salomon,Mariano Salomon,Salomon,Mariano,P,FCL Yankees,F-YAN,475,FCL Yankees,rok,NYY,Tampa Tarpons,TAM,587,Tampa,AFX,NYY,R,R,22.9,23,20,6,66.2,1010,268,42.4%,88.5,89.4,21.5,6.34,26.1%,6.7%,66.2%,52.0%,16.8%,63.8%,65.3%,25.36%,54.55%,32.4%,29.6%,24.2%,26.2%,70.4%,16.7%,.260,.285,13.22,.013
200,807818,M. Fell,Mervin Fell,Fell,Mervin,P,Visalia Rawhide,VIS,516,Visalia,afx,AZ,Visalia Rawhide,VIS,516,Visalia,AFX,AZ,R,R,22.4,23,20,17,79.1,1385,340,62.6%,93.7,94.8,18.7,5.89,24.1%,14.1%,59.6%,47.1%,19.4%,55.0%,57.3%,20.59%,54.70%,27.8%,28.5%,21.4%,24.9%,71.5%,15.9%,.302,.319,8.40,.006
200,811600,A. Parra,Abraham Parra,Parra,Abraham,P,Fort Wayne TinCaps,FW,584,Fort Wayne,afa,SD,Lake Elsinore Storm,LE,103,Lake Elsinore,AFX,SD,R,R,19.5,20,20,11,87.2,1410,389,33.0%,91.7,93.1,13.2,5.84,20.6%,9.0%,62.0%,48.2%,17.2%,59.6%,56.7%,23.91%,50.37%,28.6%,26.6%,19.1%,24.7%,73.4%,15.1%,.306,.318,3.60,.003
200,812363,M. Nieves,Marlon Nieves,Nieves,Marlon,P,Ontario Tower Buzzers,ONT,6482,Ontario,afx,LAD,Rancho Cucamonga Quakes,RC,526,Rancho Cuca.,AFX,LAD,R,R,20.1,20,20,16,84.0,1326,350,11.6%,95.4,96.3,12.5,5.91,26.9%,12.6%,61.8%,46.5%,19.2%,63.7%,56.4%,27.46%,57.14%,31.1%,28.6%,22.7%,25.8%,71.4%,7.8%,.256,.253,16.99,.013
200,701679,B. Brecht,Brody Brecht,Brecht,Brody,P,Spokane Indians,SPO,486,Spokane,afa,COL,Fresno Grizzlies,FRE,259,Fresno,AFX,COL,R,R,22.8,23,20,20,61.0,1060,263,58.2%,95.7,97.0,19.1,5.72,36.1%,13.3%,60.9%,45.1%,20.6%,59.3%,56.5%,33.11%,68.10%,32.8%,39.7%,25.8%,27.7%,60.3%,10.9%,.257,.284,12.40,.012
200,828499,G. Kilander,Griffin Kilander,Kilander,Griffin,P,Salem RidgeYaks,SAL,414,Salem,afx,BOS,Salem RidgeYaks,SAL,414,Salem,AFX,BOS,R,R,22.0,22,20,6,64.1,1064,277,37.4%,90.0,91.0,18.2,7.69,20.9%,13.7%,58.1%,46.0%,21.1%,58.5%,55.2%,25.20%,46.39%,26.6%,24.7%,15.1%,22.3%,75.3%,14.9%,.293,.302,4.96,.005
200,828374,M. Ross,Michael Ross,Ross,Michael,P,Cedar Rapids Kernels,CR,492,Cedar Rapids,afa,MIN,Fort Myers Mighty Mussels,FTM,509,Fort Myers,AFX,MIN,L,R,23.0,23,20,16,82.0,1337,346,17.2%,92.3,93.2,16.6,6.41,22.0%,8.4%,64.7%,52.3%,17.5%,62.7%,58.2%,17.20%,45.71%,27.9%,25.3%,20.4%,26.0%,74.7%,12.3%,.273,.297,16.81,.013
221,696070,K. Rojas,Kendry Rojas,Rojas,Kendry,P,Minnesota Twins,MIN,142,Minnesota,mlb,MIN,St. Paul Saints,STP,1960,St. Paul,AAA,MIN,L,L,22.6,23,19,18,69.0,1232,312,53.0%,94.3,95.7,18.5,6.68,28.8%,10.3%,63.4%,47.8%,16.4%,59.0%,56.7%,26.02%,55.97%,30.0%,32.2%,22.7%,29.1%,67.8%,19.0%,.296,.343,8.04,.007
221,800344,S. Liñan,Sean Paul Liñan,Liñan,Sean Paul,P,Hudson Valley Renegades,HV,537,Hudson Valley,afa,NYY,Wilmington Blue Rocks,WIL,426,Wilmington,AFA,WSH,R,R,20.6,21,19,15,77.1,1254,321,11.2%,92.1,93.0,15.3,6.34,33.0%,10.3%,62.4%,47.1%,17.2%,64.2%,60.0%,27.84%,63.70%,32.4%,35.1%,24.7%,27.9%,64.9%,14.9%,.233,.269,19.55,.016
221,691795,B. Selvidge,Brock Selvidge,Selvidge,Brock,P,,,,,,,Somerset Patriots,SOM,1956,Somerset,AAX,NYY,R,L,22.8,23,19,18,82.2,1402,360,32.5%,91.4,92.1,16.8,5.95,18.9%,12.2%,60.8%,50.4%,17.0%,57.8%,54.4%,18.01%,44.17%,24.8%,22.4%,14.5%,22.9%,77.6%,15.1%,.308,.307,6.00,.004
221,804973,M. Rodriguez,Manuel Rodriguez,Rodriguez,Manuel,P,Biloxi Shuckers,BLX,5015,Biloxi,aax,MIL,Biloxi Shuckers,BLX,5015,Biloxi,AAX,MIL,R,R,19.9,20,19,19,89.2,1313,352,10.7%,88.5,88.7,17.0,6.05,25.0%,4.3%,66.9%,55.7%,14.5%,65.1%,71.6%,22.69%,46.92%,30.0%,28.7%,22.0%,27.8%,71.3%,15.7%,.265,.281,15.41,.012
221,702650,M. Forret,Michael Forret,Forret,Michael,P,Montgomery Biscuits,MTG,421,Montgomery,aax,TB,Chesapeake Baysox,CHE,418,Chesapeake,AAX,BAL,L,R,21.2,22,19,18,74.0,1103,282,20.1%,93.7,94.9,19.1,6.22,32.3%,7.4%,64.9%,49.5%,14.4%,66.7%,61.8%,24.87%,59.02%,32.2%,34.1%,24.2%,31.5%,65.9%,15.4%,.256,.203,14.94,.014
221,807974,A. Bohorquez,Adrian Bohorquez,Bohorquez,Adrian,P,Cedar Rapids Kernels,CR,492,Cedar Rapids,afa,,Cedar Rapids Kernels,CR,492,Cedar Rapids,AFA,MIN,R,R,20.3,21,19,14,71.1,1249,312,39.9%,95.1,96.0,17.9,6.01,27.2%,9.9%,61.5%,48.8%,19.3%,59.0%,54.3%,24.75%,57.50%,27.2%,28.1%,22.5%,26.9%,71.9%,16.6%,.277,.295,12.11,.010
221,806641,K. Curtis,Kolton Curtis,Curtis,Kolton,P,,,,,,,Hub City Spartanburgers,HCS,6324,Hub City,AFA,TEX,S,R,21.2,21,19,16,66.0,1108,290,27.9%,92.8,93.8,16.7,6.46,25.9%,15.2%,59.3%,43.9%,20.0%,60.0%,54.5%,25.38%,62.86%,30.6%,34.7%,20.5%,25.1%,65.3%,14.0%,.298,.307,6.60,.006
221,694788,C. Reed,Carlson Reed,Reed,Carlson,P,Greensboro Grasshoppers,GBO,477,Greensboro,afa,PIT,Greensboro Grasshoppers,GBO,477,Greensboro,AFA,PIT,L,R,22.6,23,19,19,70.2,1201,307,36.3%,91.7,92.6,16.3,6.65,21.2%,17.3%,57.5%,44.3%,19.6%,59.3%,55.4%,19.10%,52.83%,27.9%,31.0%,21.7%,23.5%,69.0%,10.9%,.303,.299,7.49,.006
221,800611,N. Meyer,Noble Meyer,Meyer,Noble,P,,,,,,,Beloit Sky Carp,BEL,554,Beloit,AFA,MIA,R,R,20.5,21,19,19,65.1,1195,296,3.8%,92.3,93.0,15.3,6.90,24.3%,12.8%,59.7%,47.1%,18.6%,52.0%,55.7%,25.00%,48.31%,29.2%,29.9%,23.0%,25.7%,70.1%,15.2%,.297,.305,9.92,.008
221,827664,S. Hechavarria,Silvano Hechavarria,Hechavarria,Silvano,P,,,,,,,Vancouver Canadians,VAN,435,Vancouver,AFA,TOR,R,R,22.3,23,19,14,86.2,1299,346,46.4%,93.8,94.9,18.9,5.62,23.7%,6.6%,67.4%,51.4%,17.0%,68.2%,63.6%,19.37%,47.97%,29.5%,29.6%,20.9%,32.5%,70.4%,13.1%,.247,.261,24.92,.019
221,815598,D. Hill,Dasan Hill,Hill,Dasan,P,Cedar Rapids Kernels,CR,492,Cedar Rapids,afa,MIN,Cedar Rapids Kernels,CR,492,Cedar Rapids,AFA,MIN,R,L,19.5,20,19,19,62.0,1138,267,41.8%,95.5,96.3,18.0,5.91,31.1%,15.0%,58.4%,48.2%,18.7%,55.4%,52.9%,24.56%,60.38%,31.9%,34.1%,26.2%,22.7%,65.9%,13.6%,.254,.280,15.73,.014
221,800883,A. Galan,Andres Galan,Galan,Andres,P,Bowling Green Hot Rods,BG,2498,Bowling Green,afa,TB,Charleston RiverDogs,CHS,233,Charleston,AFX,TB,R,R,22.0,22,19,16,99.1,1468,405,55.5%,91.7,92.7,20.1,6.83,19.0%,8.4%,64.4%,50.8%,15.9%,65.7%,62.5%,17.48%,45.89%,25.5%,26.6%,18.7%,30.5%,73.4%,13.8%,.276,.278,19.94,.014
221,814392,X. Rivas,Xavier Rivas,Rivas,Xavier,P,Somerset Patriots,SOM,1956,Somerset,aax,NYY,Hudson Valley Renegades,HV,537,Hudson Valley,AFA,NYY,L,L,23.0,23,19,18,85.1,1422,361,32.4%,90.1,91.0,19.7,6.53,31.3%,13.9%,58.7%,41.0%,25.8%,60.7%,58.1%,31.25%,67.88%,31.6%,36.0%,21.0%,28.3%,64.0%,14.7%,.256,.263,19.51,.014
221,694050,G. Reyes,Gabriel Reyes,Reyes,Gabriel,P,West Michigan Whitecaps,WM,582,West Michigan,afa,DET,Lakeland Flying Tigers,LAK,570,Lakeland,AFX,DET,L,L,22.0,22,19,16,78.2,1156,316,38.3%,92.6,93.8,12.4,6.08,22.5%,8.9%,63.8%,52.5%,15.5%,67.4%,60.6%,19.11%,50.39%,28.3%,26.2%,17.4%,27.3%,73.8%,9.6%,.248,.254,20.15,.017
221,800452,J. Chirinos,Jose Chirinos,Chirinos,Jose,P,St. Lucie Mets,SLU,507,St. Lucie,afx,NYM,St. Lucie Mets,SLU,507,St. Lucie,AFX,NYM,R,R,20.7,21,19,13,71.2,1207,308,25.7%,93.1,93.9,17.0,6.53,23.7%,11.7%,61.9%,49.2%,18.8%,61.7%,57.1%,19.51%,46.76%,30.1%,28.9%,22.7%,22.6%,71.1%,14.1%,.266,.264,16.23,.013
221,800466,O. Victorino,Omar Victorino,Victorino,Omar,P,St. Lucie Mets,SLU,507,St. Lucie,afx,NYM,St. Lucie Mets,SLU,507,St. Lucie,AFX,NYM,R,R,20.1,20,19,11,65.2,1019,288,19.4%,93.7,94.2,12.5,6.08,18.1%,13.9%,59.0%,46.8%,21.5%,60.8%,58.5%,24.24%,48.39%,25.8%,24.2%,17.3%,21.5%,75.8%,8.9%,.285,.301,10.62,.010
221,810098,Y. Batista,Yadiel Batista,Batista,Yadiel,P,Palm Beach Cardinals,PMB,279,Palm Beach,afx,STL,Palm Beach Cardinals,PMB,279,Palm Beach,AFX,STL,L,L,21.2,22,19,5,74.2,1115,315,35.4%,88.7,89.9,17.5,5.54,20.0%,7.3%,66.3%,49.3%,18.2%,61.6%,64.7%,22.75%,48.67%,30.1%,28.7%,19.8%,28.8%,71.3%,14.5%,.273,.310,12.07,.011
221,823369,Y. Fajardo,Yhoiker Fajardo,Fajardo,Yhoiker,P,Peoria Chiefs,PEO,443,Peoria,afa,STL,Salem RidgeYaks,SAL,414,Salem,AFX,BOS,R,R,18.7,19,19,17,72.0,1138,288,32.5%,94.3,95.2,16.3,5.88,28.8%,9.4%,63.7%,47.1%,20.2%,62.8%,62.4%,25.27%,52.31%,33.5%,33.3%,19.9%,27.4%,66.7%,11.9%,.219,.255,21.85,.019
221,823649,J. Perez,Javier Perez,Perez,Javier,P,Fayetteville Woodpeckers,FAY,3712,Fayetteville,afx,HOU,Fayetteville Woodpeckers,FAY,3712,Fayetteville,AFX,HOU,R,R,21.5,22,19,8,68.2,962,272,52.0%,91.2,92.3,18.8,6.61,25.7%,4.0%,68.4%,55.1%,11.9%,68.4%,64.8%,22.30%,56.78%,29.4%,26.8%,19.7%,29.8%,73.2%,14.0%,.249,.275,14.85,.015
221,821193,J. Suarez,Josdanner Suarez,Suarez,Josdanner,P,Visalia Rawhide,VIS,516,Visalia,afx,AZ,Visalia Rawhide,VIS,516,Visalia,AFX,AZ,R,R,20.7,21,19,7,63.1,1095,298,41.1%,92.2,93.6,16.9,6.02,17.1%,12.8%,59.5%,49.6%,20.1%,50.3%,57.2%,17.97%,42.55%,26.0%,24.2%,15.4%,21.6%,75.8%,12.6%,.325,.377,1.81,.002
221,821253,E. Mercado,Enderson Mercado,Mercado,Enderson,P,Wilson Warbirds,WIL,249,Wilson,afx,MIL,Wilson Warbirds,WIL,249,Wilson,AFX,MIL,L,L,18.3,19,19,16,72.2,1220,318,14.8%,91.2,92.1,15.3,5.71,24.2%,8.8%,63.4%,48.7%,17.7%,58.2%,63.6%,23.12%,53.23%,28.8%,27.2%,20.8%,27.6%,72.8%,17.4%,.300,.334,2.86,.002
221,821174,J. Travieso,Jesus Travieso,Travieso,Jesus,P,,,,,,,Salem RidgeYaks,SAL,414,Salem,AFX,BOS,R,R,18.3,19,19,16,64.2,1133,283,33.8%,95.1,96.2,18.0,5.23,31.8%,12.7%,61.5%,45.1%,19.8%,60.8%,62.2%,25.84%,63.11%,32.9%,36.7%,25.4%,26.5%,63.3%,13.4%,.267,.301,11.27,.010
221,813335,D. Jordan,Dylan Jordan,Jordan,Dylan,P,Rancho Cucamonga Quakes,RC,526,Rancho Cuca.,afx,LAA,Inland Empire 66ers,IE,401,Inland Empire,AFX,LAA,R,R,19.7,20,19,19,76.1,1259,318,15.5%,92.5,94.0,14.2,6.36,26.7%,9.4%,62.5%,45.0%,19.0%,59.4%,57.8%,24.73%,60.66%,29.2%,28.0%,18.6%,29.5%,72.0%,12.2%,.253,.272,14.42,.011
221,815501,B. Meccage,Bryce Meccage,Meccage,Bryce,P,Wisconsin Timber Rattlers,WIS,572,Wisconsin,afa,MIL,Wilson Warbirds,WIL,249,Wilson,AFX,MIL,R,R,19.3,20,19,19,70.1,1101,292,51.4%,94.1,95.3,18.3,6.65,23.6%,8.9%,61.9%,48.8%,17.4%,61.0%,55.1%,22.78%,53.21%,28.2%,27.0%,20.5%,25.2%,73.0%,18.6%,.299,.309,3.09,.003
221,815789,D. Shields,David Shields,Shields,David,P,Quad Cities River Bandits,QC,565,Quad Cities,afa,KC,Columbia Fireflies,COL,3705,Columbia,AFX,KC,S,L,18.8,19,19,19,75.2,1196,302,1.4%,90.6,91.0,15.6,6.52,28.5%,5.0%,64.7%,51.6%,15.1%,62.9%,61.6%,21.47%,53.38%,32.5%,26.7%,18.5%,26.3%,73.3%,13.1%,.259,.249,9.67,.008
221,824026,K. Mayfield,Kash Mayfield,Mayfield,Kash,P,Fort Wayne TinCaps,FW,584,Fort Wayne,afa,SD,Lake Elsinore Storm,LE,103,Lake Elsinore,AFX,SD,L,L,20.4,21,19,19,60.2,1068,258,18.9%,91.4,92.6,16.4,6.44,34.1%,10.9%,63.5%,48.2%,15.8%,65.5%,63.4%,25.00%,65.14%,32.1%,32.3%,24.2%,29.8%,67.7%,12.7%,.244,.270,15.93,.015
221,803848,J. Dubanewicz,Jayden Dubanewicz,Dubanewicz,Jayden,P,ACL Brewers,A-BRW,406,ACL Brewers,rok,MIL,Wilson Warbirds,WIL,249,Wilson,AFX,MIL,R,R,19.3,20,19,11,82.1,1218,339,12.5%,91.7,92.8,17.6,6.73,18.9%,5.6%,64.1%,51.4%,14.6%,61.9%,62.1%,21.51%,39.47%,27.9%,25.6%,22.0%,26.5%,74.4%,14.3%,.293,.280,7.28,.006
221,828475,E. Dorchies,Ethan Dorchies,Dorchies,Ethan,P,Wisconsin Timber Rattlers,WIS,572,Wisconsin,afa,MIL,Wilson Warbirds,WIL,249,Wilson,AFX,MIL,R,R,18.7,19,19,11,82.0,1302,333,35.2%,92.4,93.5,16.7,6.84,26.7%,10.5%,63.1%,50.2%,17.8%,64.6%,58.9%,23.86%,54.11%,30.7%,29.5%,18.5%,25.6%,70.5%,13.2%,.254,.246,17.45,.013
249,702674,C. Dana,Caden Dana,Dana,Caden,P,Salt Lake Bees,SL,561,Salt Lake,aaa,LAA,Salt Lake Bees,SL,561,Salt Lake,AAA,LAA,L,R,21.5,22,18,18,82.0,1513,370,55.5%,94.4,95.3,17.3,6.59,23.0%,12.4%,60.7%,45.1%,20.8%,55.9%,60.0%,19.91%,50.74%,26.0%,24.6%,12.6%,27.4%,75.4%,22.3%,.345,.357,-7.24,-.005
249,691641,J. Acuna,Jose Acuna,Acuna,Jose,P,Chattanooga Lookouts,CHA,498,Chattanooga,aax,CIN,Chattanooga Lookouts,CHA,498,Chattanooga,AAX,CIN,R,R,22.7,23,18,18,71.2,1181,301,30.7%,91.4,92.9,17.7,6.46,22.9%,12.6%,62.0%,54.1%,13.5%,58.8%,55.8%,22.22%,47.41%,26.1%,27.4%,23.6%,21.0%,72.6%,14.6%,.302,.314,9.52,.008
249,800539,E. Reyes,Emmanuel Reyes,Reyes,Emmanuel,P,Quad Cities River Bandits,QC,565,Quad Cities,afa,KC,Quad Cities River Bandits,QC,565,Quad Cities,AFA,KC,R,R,21.1,21,18,12,69.1,1083,300,48.3%,91.4,93.0,16.3,5.98,17.3%,8.0%,64.2%,52.9%,12.7%,57.3%,61.8%,17.39%,44.00%,25.7%,24.0%,19.9%,23.8%,76.0%,17.9%,.308,.314,4.18,.004
249,702604,M. Kennedy,Michael Kennedy,Kennedy,Michael,P,Lake County Captains,LC,437,Lake County,afa,CLE,Lake County Captains,LC,437,Lake County,AFA,CLE,L,L,20.6,21,18,11,65.1,1138,289,12.0%,90.3,91.0,13.0,6.56,22.5%,10.7%,62.6%,50.6%,14.4%,59.5%,59.2%,21.16%,48.15%,28.9%,26.5%,18.5%,24.6%,73.5%,10.0%,.309,.323,6.64,.006
249,806948,L. Aguilar,Luis Aguilar,Aguilar,Luis,P,Fayetteville Woodpeckers,FAY,3712,Fayetteville,afx,HOU,Fayetteville Woodpeckers,FAY,3712,Fayetteville,AFX,HOU,R,R,21.2,22,18,7,63.1,970,257,47.3%,88.9,90.4,19.3,6.34,25.3%,7.8%,64.7%,48.4%,16.7%,67.3%,63.0%,22.22%,54.39%,28.5%,25.1%,18.4%,28.3%,74.9%,13.0%,.241,.286,14.74,.015
249,702271,N. Mulé,Nazier Mulé,Mulé,Nazier,P,South Bend Cubs,SB,550,South Bend,afa,CHC,South Bend Cubs,SB,550,South Bend,AFA,CHC,R,R,20.7,21,18,18,67.0,1240,306,47.5%,95.0,96.4,16.9,5.98,22.5%,18.0%,54.7%,44.2%,22.5%,53.9%,52.8%,22.16%,55.21%,27.3%,33.5%,26.8%,20.4%,66.5%,11.1%,.327,.335,1.13,.001
249,802416,A. Izzi,Ashton Izzi,Izzi,Ashton,P,Amarillo Sod Poodles,AMA,5368,Amarillo,aax,AZ,Hillsboro Hops,HIL,419,Hillsboro,AFA,AZ,R,R,21.6,22,18,18,75.0,1224,334,27.7%,94.6,95.4,17.8,6.69,24.0%,8.4%,64.8%,51.9%,14.8%,60.5%,58.2%,23.08%,50.00%,28.3%,25.4%,17.8%,29.2%,74.6%,15.1%,.294,.329,9.26,.008
249,701347,Y. Tejeda Jr.,Yoel Tejeda Jr.,Tejeda Jr.,Yoel,P,Wilmington Blue Rocks,WIL,426,Wilmington,afa,WSH,Wilmington Blue Rocks,WIL,426,Wilmington,AFA,WSH,S,R,22.0,22,18,18,87.0,1330,363,7.8%,93.7,94.8,15.6,7.27,21.8%,7.4%,63.6%,49.3%,15.9%,63.9%,59.2%,22.65%,55.04%,26.8%,27.3%,19.8%,30.3%,72.7%,11.5%,.279,.296,12.06,.009
249,702431,J. Amarante,Juan Amarante,Amarante,Juan,P,Jersey Shore BlueClaws,JS,427,Jersey Shore,afa,PHI,Clearwater Threshers,CLR,566,Clearwater,AFX,PHI,L,L,21.2,22,18,17,76.2,1234,335,28.6%,91.0,92.0,18.4,5.94,22.1%,9.3%,62.6%,49.4%,20.3%,60.6%,59.9%,20.22%,49.23%,28.8%,28.2%,18.1%,27.0%,71.8%,13.5%,.288,.297,9.74,.008
249,808512,J. Reyes,Jeremy Reyes,Reyes,Jeremy,P,Rome Emperors,ROM,432,Rome,afa,ATL,Augusta GreenJackets,AUG,478,Augusta,AFX,ATL,R,R,19.5,20,18,18,76.1,1282,328,17.3%,94.7,96.1,16.0,6.17,25.6%,14.9%,57.6%,42.9%,23.6%,58.2%,56.0%,24.05%,63.21%,27.0%,31.7%,19.6%,24.9%,68.3%,13.3%,.294,.276,5.49,.004
249,808003,R. Gonzalez,Rafael Gonzalez,Gonzalez,Rafael,P,,,,,,,Fayetteville Woodpeckers,FAY,3712,Fayetteville,AFX,HOU,R,R,21.0,21,18,11,63.0,1159,279,24.3%,93.8,95.4,17.0,6.48,21.1%,14.0%,57.6%,45.2%,21.2%,55.2%,51.3%,16.86%,47.12%,25.7%,27.0%,23.9%,22.3%,73.0%,12.6%,.320,.332,2.25,.002
249,808161,U. Soto,Ubaldo Soto,Soto,Ubaldo,P,Rancho Cucamonga Quakes,RC,526,Rancho Cuca.,afx,LAA,Inland Empire 66ers,IE,401,Inland Empire,AFX,LAA,R,R,19.0,19,18,10,73.2,1184,308,60.5%,92.9,94.9,18.0,6.49,26.9%,11.4%,60.4%,47.1%,20.4%,58.8%,54.7%,26.43%,60.53%,28.5%,26.3%,21.1%,22.8%,73.7%,11.2%,.274,.280,6.43,.005
249,807002,J. Martinez,Jeter Martinez,Martinez,Jeter,P,Bradenton Marauders,BRD,3390,Bradenton,afx,PIT,Bradenton Marauders,BRD,3390,Bradenton,AFX,PIT,R,R,19.4,20,18,17,65.0,1176,306,42.6%,94.6,95.6,19.1,6.24,21.6%,13.7%,58.0%,46.8%,20.8%,52.3%,55.7%,27.46%,51.61%,26.5%,26.3%,15.9%,22.9%,73.7%,13.9%,.312,.342,2.72,.002
249,808064,D. Hurtado,Daviel Hurtado,Hurtado,Daviel,P,,,,,,,St. Lucie Mets,SLU,507,St. Lucie,AFX,NYM,L,L,20.4,21,18,12,65.2,1085,272,47.0%,93.0,94.1,18.3,5.95,27.6%,8.8%,63.3%,49.1%,20.2%,59.6%,61.0%,24.38%,49.58%,30.7%,28.5%,17.2%,25.3%,71.5%,12.3%,.265,.263,10.11,.009
249,808383,K. Salcedo,Kelvis Salcedo,Salcedo,Kelvis,P,,,,,,,Lakeland Flying Tigers,LAK,570,Lakeland,AFX,DET,R,R,19.4,20,18,10,68.2,991,254,43.3%,94.6,96.1,15.9,5.71,33.5%,9.8%,64.4%,50.4%,19.3%,66.9%,64.6%,24.17%,66.10%,32.6%,34.0%,25.4%,27.6%,66.0%,11.9%,.224,.199,19.11,.019
249,815219,L. De La Torre,Luis De La Torre,De La Torre,Luis,P,Eugene Emeralds,EUG,461,Eugene,afa,SF,San Jose Giants,SJ,476,San Jose,AFX,SF,L,L,21.8,22,18,15,74.1,1208,302,59.1%,94.0,95.1,17.9,6.51,36.1%,8.9%,65.3%,51.9%,13.2%,60.9%,62.5%,28.40%,60.13%,34.8%,37.8%,28.2%,28.2%,62.2%,8.3%,.228,.243,22.88,.019
249,821783,A. Cayama,Argenis Cayama,Cayama,Argenis,P,San Jose Giants,SJ,476,San Jose,afx,SF,San Jose Giants,SJ,476,San Jose,AFX,SF,R,R,18.8,19,18,15,62.1,1013,271,39.8%,92.9,94.1,14.9,6.38,22.9%,10.3%,63.8%,46.2%,19.2%,64.6%,59.6%,20.00%,55.77%,29.1%,26.9%,15.3%,28.7%,73.1%,10.1%,.275,.293,9.07,.009
249,823898,E. Melendez,Edwardo Melendez,Melendez,Edwardo,P,Myrtle Beach Pelicans,MB,521,Myrtle Beach,afx,CHC,Myrtle Beach Pelicans,MB,521,Myrtle Beach,AFX,CHC,R,R,21.4,22,18,8,61.0,1108,282,30.2%,92.1,92.8,15.0,5.25,22.3%,19.1%,58.4%,42.3%,22.4%,56.7%,56.4%,21.83%,50.00%,30.0%,31.7%,16.9%,28.5%,68.3%,10.2%,.316,.337,7.10,.006
249,822463,N. Sparks,Nolan Sparks,Sparks,Nolan,P,Peoria Chiefs,PEO,443,Peoria,afa,STL,Palm Beach Cardinals,PMB,279,Palm Beach,AFX,STL,R,R,22.9,23,18,12,72.1,1257,323,25.1%,93.1,94.2,18.7,6.30,24.1%,14.2%,57.8%,45.9%,23.9%,59.1%,56.4%,22.41%,58.10%,26.7%,27.6%,19.4%,22.8%,72.4%,13.9%,.292,.318,6.86,.005
249,803516,J. King,Johnny King,King,Johnny,P,Vancouver Canadians,VAN,435,Vancouver,afa,TOR,Dunedin Blue Jays,DUN,424,Dunedin,AFX,TOR,L,L,18.9,19,18,15,61.2,1081,266,51.0%,93.8,94.9,18.9,6.38,39.5%,13.9%,60.5%,44.2%,21.0%,54.5%,60.6%,35.16%,69.11%,34.4%,39.7%,29.9%,27.6%,60.3%,13.9%,.255,.296,11.86,.011
249,807281,T. Gregory-Alford,Trey Gregory-Alford,Gregory-Alford,Trey,P,Rancho Cucamonga Quakes,RC,526,Rancho Cuca.,afx,LAA,Inland Empire 66ers,IE,401,Inland Empire,AFX,LAA,R,R,19.2,19,18,16,78.2,1225,329,47.1%,97.2,98.6,14.1,5.63,20.7%,10.0%,60.8%,48.4%,17.8%,61.4%,60.1%,21.84%,55.10%,26.4%,25.9%,17.8%,24.0%,74.1%,11.0%,.300,.287,4.95,.004
249,827603,J. Voelker,Jayden Voelker,Voelker,Jayden,P,,,,,,,Charleston RiverDogs,CHS,233,Charleston,AFX,TB,L,R,22.4,23,18,14,68.2,1142,299,46.9%,91.4,92.5,20.2,6.38,18.1%,10.0%,62.5%,49.3%,17.2%,62.2%,57.1%,15.88%,42.86%,26.2%,24.7%,18.8%,26.2%,75.3%,17.0%,.312,.337,5.30,.005
249,828520,T. Palmer,Twine Palmer,Palmer,Twine,P,Frederick Keys,FRE,493,Frederick,afa,BAL,Delmarva Shorebirds,DEL,548,Delmarva,AFX,BAL,R,R,20.8,21,18,13,62.0,1041,273,44.0%,91.2,92.3,21.0,6.63,23.4%,12.1%,61.1%,50.7%,18.1%,61.9%,55.1%,24.83%,48.54%,29.9%,31.3%,23.3%,24.1%,68.7%,13.5%,.281,.288,12.87,.012
249,807748,K. Kemp,Kannon Kemp,Kemp,Kannon,P,,,,,,,Lake Elsinore Storm,LE,103,Lake Elsinore,AFX,SD,R,R,20.8,21,18,10,77.2,1266,350,52.9%,94.3,95.7,14.6,6.00,18.3%,9.1%,63.0%,50.6%,15.2%,60.6%,61.3%,20.99%,48.72%,25.1%,22.8%,15.6%,24.7%,77.2%,16.3%,.320,.339,0.99,.001
249,809789,P. Smith,Parker Smith,Smith,Parker,P,Asheville Tourists,ASH,573,Asheville,afa,HOU,Fayetteville Woodpeckers,FAY,3712,Fayetteville,AFX,HOU,R,R,22.3,23,18,14,68.1,1094,291,2.3%,93.1,93.4,12.3,6.64,21.6%,10.3%,63.1%,49.2%,15.2%,61.9%,62.0%,20.92%,52.00%,29.3%,29.0%,20.2%,28.6%,71.0%,9.1%,.276,.292,14.26,.013
274,702273,N. Schultz,Noah Schultz,Schultz,Noah,P,Chicago White Sox,CWS,145,Chi White Sox,mlb,CWS,Charlotte Knights,CLT,494,Charlotte,AAA,CWS,L,L,21.9,22,17,17,73.0,1291,327,10.4%,92.7,95.7,12.7,6.23,23.2%,13.8%,62.7%,51.8%,15.5%,60.9%,60.3%,18.03%,46.81%,30.4%,29.1%,21.4%,26.6%,70.9%,14.9%,.320,.354,8.55,.007
274,800537,C. Zazueta,Christian Zazueta,Zazueta,Christian,P,Great Lakes Loons,GL,456,Great Lakes,afa,LAD,Great Lakes Loons,GL,456,Great Lakes,AFA,LAD,R,R,20.7,21,17,17,67.1,1009,273,37.8%,93.6,94.9,17.8,6.39,29.7%,5.9%,67.1%,52.6%,13.3%,68.9%,67.2%,23.03%,57.85%,34.2%,36.3%,30.8%,29.8%,63.7%,17.5%,.289,.275,8.85,.009
274,805694,J. Bello,Juan Bello,Bello,Juan,P,,,,,,,Asheville Tourists,ASH,573,Asheville,AFA,HOU,R,R,21.2,22,17,9,65.2,1072,287,32.2%,90.8,91.5,17.3,6.56,23.0%,11.5%,62.9%,48.4%,16.5%,65.2%,64.7%,21.51%,48.08%,29.8%,28.6%,18.6%,28.8%,71.4%,15.0%,.304,.296,6.72,.006
274,691733,C. Little,Christian Little,Little,Christian,P,Everett AquaSox,EVE,403,Everett,afa,SEA,Everett AquaSox,EVE,403,Everett,AFA,SEA,R,R,22.0,22,17,17,70.2,1153,293,45.6%,94.0,95.2,21.2,5.36,24.9%,10.9%,61.1%,48.2%,18.3%,59.7%,55.1%,22.78%,51.49%,27.4%,28.5%,21.8%,28.0%,71.5%,12.4%,.297,.290,6.08,.005
274,695656,D. Futrell,Devin Futrell,Futrell,Devin,P,Greenville Drive,GVL,428,Greenville,afa,BOS,Greenville Drive,GVL,428,Greenville,AFA,BOS,L,L,22.8,23,17,17,62.2,840,252,9.3%,88.2,89.0,17.1,6.42,15.9%,5.6%,66.2%,53.6%,14.9%,62.7%,65.5%,20.21%,40.74%,27.9%,22.0%,16.0%,27.4%,78.0%,13.0%,.273,.258,10.66,.013
274,691439,A. Jimenez,Angel Jimenez,Jimenez,Angel,P,Fresno Grizzlies,FRE,259,Fresno,afx,COL,Fresno Grizzlies,FRE,259,Fresno,AFX,COL,R,R,22.0,22,17,17,60.2,1019,261,56.2%,96.2,97.4,18.3,5.84,28.0%,9.6%,62.6%,49.7%,15.0%,59.8%,58.7%,20.99%,59.79%,29.2%,28.0%,20.2%,25.2%,72.0%,11.4%,.276,.314,7.71,.008
274,702419,D. Tineo,Dameivi Tineo,Tineo,Dameivi,P,Beloit Sky Carp,BEL,554,Beloit,afa,MIA,Jupiter Hammerheads,JUP,479,Jupiter,AFX,MIA,L,L,21.9,22,17,14,66.2,1130,297,44.0%,93.8,94.8,16.2,6.47,26.6%,12.5%,58.2%,44.7%,24.8%,52.2%,50.2%,25.42%,63.54%,29.8%,31.6%,18.2%,24.2%,68.4%,16.3%,.289,.330,4.33,.004
274,808158,A. Liranzo,Angel Liranzo,Liranzo,Angel,P,FCL Phillies,F-PHI,469,FCL Phillies,rok,PHI,Clearwater Threshers,CLR,566,Clearwater,AFX,PHI,L,L,18.9,19,17,14,74.1,1168,330,26.4%,90.5,91.8,16.8,5.85,17.9%,8.5%,64.9%,49.6%,15.9%,63.6%,65.8%,19.89%,44.00%,25.4%,22.7%,16.9%,26.1%,77.3%,15.9%,.294,.327,7.66,.007
274,815278,J. Rodriguez,Jose M. Rodriguez,Rodriguez,Jose M.,P,Tampa Tarpons,TAM,587,Tampa,afx,NYY,Tampa Tarpons,TAM,587,Tampa,AFX,NYY,R,R,21.5,22,17,13,72.0,1223,310,33.3%,93.9,94.8,18.0,5.03,23.5%,14.8%,57.6%,41.0%,20.4%,55.5%,56.7%,19.05%,55.96%,27.8%,30.3%,24.1%,25.0%,69.7%,12.7%,.294,.286,10.32,.008
274,813891,J. Diaz,Jatnk Diaz,Diaz,Jatnk,P,Lakeland Flying Tigers,LAK,570,Lakeland,afx,DET,Lakeland Flying Tigers,LAK,570,Lakeland,AFX,DET,R,R,20.9,21,17,14,64.0,992,271,26.4%,92.4,94.5,15.1,6.00,21.0%,10.7%,60.4%,48.6%,18.5%,60.1%,57.0%,23.44%,57.83%,26.2%,24.2%,17.4%,23.4%,75.8%,10.1%,.291,.293,5.01,.005
274,807284,C. Caminiti,Cam Caminiti,Caminiti,Cam,P,Rome Emperors,ROM,432,Rome,afa,ATL,Augusta GreenJackets,AUG,478,Augusta,AFX,ATL,L,L,18.9,19,17,17,70.0,1186,295,21.8%,94.1,95.1,15.8,6.52,30.5%,9.5%,65.1%,52.5%,17.0%,66.1%,66.4%,21.43%,54.68%,31.9%,30.5%,23.3%,25.9%,69.5%,10.1%,.263,.285,15.84,.013
274,815868,T. Renz,Tyler Renz,Renz,Tyler,P,Wilson Warbirds,WIL,249,Wilson,afx,MIL,Wilson Warbirds,WIL,249,Wilson,AFX,MIL,R,R,18.6,19,17,12,73.1,1147,307,47.8%,88.9,89.9,20.7,6.67,21.8%,8.1%,63.0%,46.7%,20.3%,64.2%,55.7%,24.34%,47.32%,28.4%,26.9%,18.8%,26.9%,73.1%,15.4%,.291,.277,4.89,.004
286,695646,P. Heubeck,Peter Heubeck,Heubeck,Peter,P,,,,,,,Tulsa Drillers,TUL,260,Tulsa,AAX,LAD,R,R,22.9,23,16,16,66.1,1134,278,49.2%,94.0,94.8,21.8,5.53,27.7%,12.2%,60.4%,48.0%,19.3%,58.3%,53.9%,24.20%,53.85%,28.8%,30.5%,21.8%,25.6%,69.5%,16.8%,.280,.281,8.78,.008
286,808666,E. Correa,Eccel Correa,Correa,Eccel,P,Frederick Keys,FRE,493,Frederick,afa,BAL,Aberdeen IronBirds,ABD,488,Aberdeen,AFA,BAL,R,R,22.4,23,16,8,65.1,973,275,6.7%,91.2,93.4,13.2,6.37,18.2%,8.0%,63.5%,52.6%,14.7%,66.9%,57.4%,19.67%,40.40%,27.4%,25.5%,19.6%,26.4%,74.5%,9.4%,.274,.267,12.28,.013
286,820827,L. Sinnard,Luke Sinnard,Sinnard,Luke,P,FCL Braves,F-BRV,464,FCL Braves,rok,ATL,Rome Emperors,ROM,432,Rome,AFA,ATL,R,R,22.7,23,16,16,72.1,1149,304,49.7%,93.8,95.0,19.7,6.43,28.3%,8.9%,64.0%,50.6%,14.5%,59.9%,61.8%,26.97%,53.60%,30.5%,33.0%,24.1%,26.8%,67.0%,15.5%,.242,.268,20.10,.017
286,805128,E. Marquez,Edinzo Marquez,Marquez,Edinzo,P,,,,,,,Tampa Tarpons,TAM,587,Tampa,AFX,NYY,R,R,20.5,21,16,14,74.1,1144,324,37.8%,93.4,94.5,19.3,5.20,14.8%,10.2%,64.8%,47.3%,16.0%,62.7%,62.9%,14.94%,37.10%,26.7%,23.0%,15.4%,25.4%,77.0%,10.2%,.278,.300,15.17,.013
286,808062,J. Florentino,Jostin Florentino,Florentino,Jostin,P,,,,,,,Myrtle Beach Pelicans,MB,521,Myrtle Beach,AFX,CHC,R,R,20.6,21,16,14,81.1,1301,340,38.5%,90.2,91.3,13.8,6.34,29.7%,7.4%,65.8%,51.7%,15.7%,62.9%,60.7%,25.42%,57.96%,30.8%,27.2%,22.3%,26.0%,72.8%,8.2%,.258,.244,13.99,.011
286,808035,D. Vasquez,Daury Vasquez,Vasquez,Daury,P,Visalia Rawhide,VIS,516,Visalia,afx,AZ,Visalia Rawhide,VIS,516,Visalia,AFX,AZ,R,R,19.2,20,16,12,64.0,1108,285,65.2%,95.3,96.5,19.1,6.24,28.1%,13.0%,58.0%,44.0%,20.7%,55.1%,53.5%,25.35%,65.96%,28.1%,27.8%,17.4%,22.3%,72.2%,9.5%,.262,.294,5.65,.005
286,821062,K. Richard,Kendy Richard,Richard,Kendy,P,Augusta GreenJackets,AUG,478,Augusta,afx,ATL,Augusta GreenJackets,AUG,478,Augusta,AFX,ATL,R,R,20.8,21,16,10,68.0,1020,281,33.4%,90.9,91.8,15.4,6.11,22.8%,10.7%,61.9%,47.4%,17.5%,61.6%,57.4%,21.54%,57.45%,27.9%,27.8%,19.0%,25.6%,72.2%,10.4%,.292,.282,6.30,.006
286,828430,C. Shen,Chia-Shi Shen,Shen,Chia-Shi,P,,,,,,,Modesto Nuts,MOD,515,Modesto,AFX,SEA,R,R,21.6,22,16,12,69.1,1021,295,2.5%,91.8,92.5,12.1,5.48,23.1%,4.7%,65.7%,48.9%,18.4%,62.7%,61.6%,22.30%,54.13%,28.3%,27.7%,16.3%,35.1%,72.3%,14.4%,.293,.307,5.35,.005
286,829473,C. Huang,Chung-Hsiang Huang,Huang,Chung-Hsiang,P,Visalia Rawhide,VIS,516,Visalia,afx,AZ,Visalia Rawhide,VIS,516,Visalia,AFX,AZ,R,R,19.7,20,16,15,68.1,1001,272,30.3%,92.1,92.9,17.1,5.66,28.7%,5.5%,66.4%,45.5%,19.2%,64.7%,63.7%,32.21%,52.17%,31.1%,32.8%,23.0%,33.9%,67.2%,12.8%,.242,.255,15.26,.015
286,809933,S. Brooks,Steven Brooks,Brooks,Steven,P,Greenville Drive,GVL,428,Greenville,afa,BOS,Salem RidgeYaks,SAL,414,Salem,AFX,BOS,R,R,22.8,23,16,16,63.0,1093,277,16.1%,91.8,92.8,16.8,6.82,22.4%,15.2%,59.7%,49.6%,19.2%,56.3%,61.5%,18.02%,45.16%,27.4%,25.4%,20.7%,20.9%,74.6%,14.2%,.288,.314,8.75,.008
286,804210,A. Butler,Aiden Butler,Butler,Aiden,P,Inland Empire 66ers,IE,401,Inland Empire,afx,SEA,Modesto Nuts,MOD,515,Modesto,AFX,SEA,R,R,21.8,22,16,13,64.1,972,283,48.4%,90.3,91.5,19.7,5.79,18.4%,5.7%,65.5%,52.6%,16.6%,63.3%,62.1%,19.83%,42.00%,28.9%,21.9%,12.6%,26.3%,78.1%,17.9%,.321,.337,-3.23,-.003
297,691765,J. Baumeister,Jackson Baumeister,Baumeister,Jackson,P,Montgomery Biscuits,MTG,421,Montgomery,aax,TB,Montgomery Biscuits,MTG,421,Montgomery,AAX,TB,R,R,23.0,23,15,15,62.1,1001,261,43.2%,94.0,95.2,19.0,6.98,19.5%,9.6%,62.4%,52.9%,14.1%,63.6%,58.9%,17.83%,44.94%,26.5%,26.7%,20.7%,27.2%,73.3%,19.7%,.298,.298,9.09,.009
297,828497,C. Peschl,Cole Peschl,Peschl,Cole,P,Cedar Rapids Kernels,CR,492,Cedar Rapids,afa,MIN,Cedar Rapids Kernels,CR,492,Cedar Rapids,AFA,MIN,R,R,22.6,23,15,11,68.2,1026,293,25.1%,91.0,91.6,16.0,5.96,22.9%,6.5%,64.9%,53.0%,16.5%,59.4%,64.6%,28.23%,57.00%,28.4%,28.0%,17.7%,29.7%,72.0%,15.3%,.265,.286,14.30,.014
299,808243,J. Feliz,Jose Feliz,Feliz,Jose,P,FCL Nationals,F-NAT,466,FCL Nationals,rok,WSH,FCL Nationals,F-NAT,466,FCL Nationals,ROK,WSH,R,R,19.7,20,14,13,61.1,919,248,30.1%,90.3,91.0,13.5,6.29,20.6%,4.8%,66.5%,52.8%,17.4%,65.3%,61.2%,17.61%,46.53%,29.3%,27.1%,20.7%,29.1%,72.9%,11.8%,.250,.273,15.80,.017
300,695505,C. Burns,Chase Burns,Burns,Chase,P,Cincinnati Reds,CIN,113,Cincinnati,mlb,CIN,Louisville Bats,LOU,416,Louisville,AAA,CIN,R,R,22.5,23,13,13,66.0,928,242,51.2%,97.8,99.3,19.6,6.37,36.8%,5.4%,68.1%,56.4%,12.0%,68.2%,70.0%,29.93%,65.85%,36.0%,36.5%,27.0%,33.6%,63.5%,15.7%,.237,.210,17.01,.018
301,808219,J. Reyes,Juan Reyes,Reyes,Juan,P,DSL Nationals,D-NAT,1270,DSL Nationals,rok,WSH,DSL Nationals,D-NAT,1270,DSL Nationals,ROK,WSH,L,L,20.3,21,12,12,60.0,858,230,51.1%,89.9,91.3,19.3,5.59,22.6%,5.7%,66.2%,54.4%,12.2%,67.4%,60.8%,18.97%,45.83%,29.3%,21.1%,15.0%,24.7%,78.9%,9.0%,.255,.251,11.03,.013
301,815946,N. Rosario,Naimer Rosario,Rosario,Naimer,P,DSL Arizona Red,D-ARR,5087,DSL Arizona Red,rok,AZ,DSL Arizona Red,D-ARR,5087,DSL Arizona Red,ROK,AZ,L,L,19.0,19,12,12,60.0,830,230,28.2%,86.6,88.1,17.2,5.95,27.8%,7.0%,62.2%,41.4%,25.1%,68.3%,62.8%,29.09%,61.63%,31.3%,33.2%,18.7%,32.3%,66.8%,6.4%,.248,.239,8.12,.010
